Progetto;#Training Release;%Training;%Buggy in training;%Buggy in test;Classifier;Feature selection;Balancing;TP;FP;TN;FN;Precision;Recall;Area Under ROC;Kappa
SYNCOPE;1;0.50;0.00;0.00;Random Forest;no feature selection;no resample;0.00;0.00;548.00;1.00;0.00;0.00;0.00;0.00
SYNCOPE;2;0.67;0.00;0.00;Random Forest;no feature selection;no resample;1.00;0.00;548.00;0.00;1.00;1.00;1.00;1.00
SYNCOPE;3;0.75;0.00;0.00;Random Forest;no feature selection;no resample;1.00;1.00;548.00;0.00;0.50;1.00;1.00;0.67
SYNCOPE;4;0.80;0.00;0.01;Random Forest;no feature selection;no resample;0.00;0.00;546.00;4.00;0.00;0.00;0.00;0.00
SYNCOPE;5;0.83;0.00;0.13;Random Forest;no feature selection;no resample;1.00;0.00;481.00;70.00;1.00;0.01;0.64;0.02
SYNCOPE;6;0.86;0.02;0.07;Random Forest;no feature selection;no resample;8.00;23.00;498.00;30.00;0.26;0.21;0.75;0.18
SYNCOPE;7;0.87;0.03;0.07;Random Forest;no feature selection;no resample;1.00;2.00;519.00;37.00;0.33;0.03;0.81;0.04
SYNCOPE;8;0.86;0.04;0.04;Random Forest;no feature selection;no resample;0.00;0.00;708.00;27.00;0.00;0.00;0.00;0.00
SYNCOPE;9;0.90;0.04;0.04;Random Forest;no feature selection;no resample;1.00;2.00;531.00;24.00;0.33;0.04;0.82;0.06
SYNCOPE;10;0.89;0.04;0.04;Random Forest;no feature selection;no resample;3.00;0.00;706.00;27.00;1.00;0.10;0.75;0.18
SYNCOPE;11;0.90;0.04;0.04;Random Forest;no feature selection;no resample;0.00;0.00;712.00;27.00;0.00;0.00;0.00;0.00
SYNCOPE;12;0.91;0.04;0.45;Random Forest;no feature selection;no resample;1.00;0.00;408.00;334.00;1.00;0.00;0.56;0.00
SYNCOPE;13;0.91;0.08;0.60;Random Forest;no feature selection;no resample;162.00;1.00;296.00;289.00;0.99;0.36;0.83;0.31
SYNCOPE;14;0.92;0.12;0.64;Random Forest;no feature selection;no resample;437.00;69.00;203.00;52.00;0.86;0.89;0.90;0.65
SYNCOPE;15;0.93;0.16;0.04;Random Forest;no feature selection;no resample;31.00;490.00;240.00;0.00;0.06;1.00;0.76;0.04
SYNCOPE;16;0.95;0.15;0.03;Random Forest;no feature selection;no resample;0.00;1.00;545.00;14.00;0.00;0.00;0.00;0.00
SYNCOPE;17;0.93;0.15;0.64;Random Forest;no feature selection;no resample;0.00;0.00;272.00;491.00;0.00;0.00;0.00;0.00
SYNCOPE;18;0.94;0.18;0.62;Random Forest;no feature selection;no resample;1.00;25.00;268.00;469.00;0.04;0.00;0.69;-0.06
SYNCOPE;19;0.93;0.21;0.81;Random Forest;no feature selection;no resample;482.00;2.00;167.00;222.00;1.00;0.68;0.95;0.45
SYNCOPE;20;0.94;0.25;0.82;Random Forest;no feature selection;no resample;723.00;16.00;149.00;5.00;0.98;0.99;0.98;0.92
SYNCOPE;21;0.94;0.28;0.13;Random Forest;no feature selection;no resample;90.00;647.00;134.00;28.00;0.12;0.76;0.54;-0.02
SYNCOPE;22;0.94;0.27;1.00;Random Forest;no feature selection;no resample;278.00;0.00;0.00;622.00;1.00;0.31;0.00;0.00
SYNCOPE;23;0.95;0.32;0.99;Random Forest;no feature selection;no resample;53.00;13.00;0.00;836.00;0.80;0.06;0.00;-0.03
SYNCOPE;24;0.95;0.35;0.99;Random Forest;no feature selection;no resample;890.00;0.00;5.00;9.00;1.00;0.99;1.00;0.52
SYNCOPE;25;0.95;0.38;1.00;Random Forest;no feature selection;no resample;907.00;1.00;3.00;0.00;1.00;1.00;1.00;0.86
SYNCOPE;26;0.95;0.41;0.03;Random Forest;no feature selection;no resample;23.00;889.00;0.00;0.00;0.03;1.00;0.87;0.00
SYNCOPE;27;0.93;0.40;0.01;Random Forest;no feature selection;no resample;3.00;263.00;1163.00;9.00;0.01;0.25;0.47;0.01
SYNCOPE;28;0.96;0.37;0.00;Random Forest;no feature selection;no resample;0.00;5.00;909.00;0.00;0.00;0.00;0.00;0.00
SYNCOPE;29;0.93;0.35;0.00;Random Forest;no feature selection;no resample;0.00;21.00;1549.00;7.00;0.00;0.00;0.00;0.00
SYNCOPE;30;0.96;0.33;0.00;Random Forest;no feature selection;no resample;0.00;1.00;914.00;0.00;0.00;0.00;0.00;0.00
SYNCOPE;31;0.94;0.32;0.01;Random Forest;no feature selection;no resample;0.00;1.00;1657.00;24.00;0.00;0.00;0.00;0.00
MEAN;;;;;;;;132.16;79.77;491.19;118.00;0.43;0.35;0.49;0.19
;
SYNCOPE;1;0.67;0.50;0.00;Random Forest;no feature selection;Oversampling;0.00;0.00;548.00;1.00;0.00;0.00;0.00;0.00
SYNCOPE;2;0.80;0.50;0.00;Random Forest;no feature selection;Oversampling;1.00;0.00;548.00;0.00;1.00;1.00;1.00;1.00
SYNCOPE;3;0.86;0.50;0.00;Random Forest;no feature selection;Oversampling;1.00;1.00;548.00;0.00;0.50;1.00;1.00;0.67
SYNCOPE;4;0.89;0.50;0.01;Random Forest;no feature selection;Oversampling;0.00;0.00;546.00;4.00;0.00;0.00;0.00;0.00
SYNCOPE;5;0.91;0.50;0.13;Random Forest;no feature selection;Oversampling;1.00;0.00;481.00;70.00;1.00;0.01;0.59;0.02
SYNCOPE;6;0.92;0.50;0.07;Random Forest;no feature selection;Oversampling;11.00;62.00;459.00;27.00;0.15;0.29;0.75;0.12
SYNCOPE;7;0.93;0.50;0.07;Random Forest;no feature selection;Oversampling;3.00;5.00;516.00;35.00;0.38;0.08;0.82;0.11
SYNCOPE;8;0.92;0.50;0.04;Random Forest;no feature selection;Oversampling;0.00;0.00;708.00;27.00;0.00;0.00;0.00;0.00
SYNCOPE;9;0.95;0.50;0.04;Random Forest;no feature selection;Oversampling;1.00;2.00;531.00;24.00;0.33;0.04;0.85;0.06
SYNCOPE;10;0.94;0.50;0.04;Random Forest;no feature selection;Oversampling;4.00;8.00;698.00;26.00;0.33;0.13;0.71;0.17
SYNCOPE;11;0.94;0.50;0.04;Random Forest;no feature selection;Oversampling;0.00;0.00;712.00;27.00;0.00;0.00;0.00;0.00
SYNCOPE;12;0.95;0.50;0.45;Random Forest;no feature selection;Oversampling;3.00;0.00;408.00;332.00;1.00;0.01;0.56;0.01
SYNCOPE;13;0.95;0.50;0.60;Random Forest;no feature selection;Oversampling;52.00;1.00;296.00;399.00;0.98;0.12;0.81;0.09
SYNCOPE;14;0.95;0.50;0.64;Random Forest;no feature selection;Oversampling;451.00;120.00;152.00;38.00;0.79;0.92;0.81;0.52
SYNCOPE;15;0.95;0.50;0.04;Random Forest;no feature selection;Oversampling;31.00;544.00;186.00;0.00;0.05;1.00;0.66;0.03
SYNCOPE;16;0.97;0.50;0.03;Random Forest;no feature selection;Oversampling;0.00;4.00;542.00;14.00;0.00;0.00;0.00;0.00
SYNCOPE;17;0.96;0.50;0.64;Random Forest;no feature selection;Oversampling;6.00;0.00;272.00;485.00;1.00;0.01;0.62;0.01
SYNCOPE;18;0.96;0.50;0.62;Random Forest;no feature selection;Oversampling;18.00;48.00;245.00;452.00;0.27;0.04;0.62;-0.10
SYNCOPE;19;0.96;0.50;0.81;Random Forest;no feature selection;Oversampling;489.00;14.00;155.00;215.00;0.97;0.69;0.89;0.42
SYNCOPE;20;0.96;0.50;0.82;Random Forest;no feature selection;Oversampling;723.00;32.00;133.00;5.00;0.96;0.99;0.90;0.85
SYNCOPE;21;0.96;0.50;0.13;Random Forest;no feature selection;Oversampling;91.00;659.00;122.00;27.00;0.12;0.77;0.53;-0.02
SYNCOPE;22;0.96;0.50;1.00;Random Forest;no feature selection;Oversampling;316.00;0.00;0.00;584.00;1.00;0.35;0.00;0.00
SYNCOPE;23;0.96;0.50;0.99;Random Forest;no feature selection;Oversampling;95.00;13.00;0.00;794.00;0.88;0.11;0.00;-0.03
SYNCOPE;24;0.96;0.50;0.99;Random Forest;no feature selection;Oversampling;890.00;0.00;5.00;9.00;1.00;0.99;1.00;0.52
SYNCOPE;25;0.96;0.50;1.00;Random Forest;no feature selection;Oversampling;907.00;1.00;3.00;0.00;1.00;1.00;1.00;0.86
SYNCOPE;26;0.96;0.50;0.03;Random Forest;no feature selection;Oversampling;23.00;889.00;0.00;0.00;0.03;1.00;0.48;0.00
SYNCOPE;27;0.94;0.50;0.01;Random Forest;no feature selection;Oversampling;3.00;290.00;1136.00;9.00;0.01;0.25;0.46;0.00
SYNCOPE;28;0.97;0.50;0.00;Random Forest;no feature selection;Oversampling;0.00;4.00;910.00;0.00;0.00;0.00;0.00;0.00
SYNCOPE;29;0.95;0.50;0.00;Random Forest;no feature selection;Oversampling;0.00;29.00;1541.00;7.00;0.00;0.00;0.00;0.00
SYNCOPE;30;0.97;0.50;0.00;Random Forest;no feature selection;Oversampling;0.00;1.00;914.00;0.00;0.00;0.00;0.00;0.00
SYNCOPE;31;0.95;0.50;0.01;Random Forest;no feature selection;Oversampling;0.00;1.00;1657.00;24.00;0.00;0.00;0.00;0.00
MEAN;;;;;;;;132.90;88.00;482.97;117.26;0.44;0.35;0.49;0.17
;
SYNCOPE;1;0.00;0.50;0.00;Random Forest;no feature selection;Undersampling;1.00;173.00;375.00;0.00;0.01;1.00;0.84;0.01
SYNCOPE;2;0.01;0.50;0.00;Random Forest;no feature selection;Undersampling;1.00;128.00;420.00;0.00;0.01;1.00;0.88;0.01
SYNCOPE;3;0.01;0.50;0.00;Random Forest;no feature selection;Undersampling;1.00;129.00;420.00;0.00;0.01;1.00;0.88;0.01
SYNCOPE;4;0.01;0.50;0.01;Random Forest;no feature selection;Undersampling;4.00;112.00;434.00;0.00;0.03;1.00;0.90;0.05
SYNCOPE;5;0.03;0.50;0.13;Random Forest;no feature selection;Undersampling;39.00;88.00;393.00;32.00;0.31;0.55;0.82;0.27
SYNCOPE;6;0.22;0.50;0.07;Random Forest;no feature selection;Undersampling;36.00;289.00;232.00;2.00;0.11;0.95;0.75;0.09
SYNCOPE;7;0.30;0.50;0.07;Random Forest;no feature selection;Undersampling;37.00;318.00;203.00;1.00;0.10;0.97;0.86;0.07
SYNCOPE;8;0.30;0.50;0.04;Random Forest;no feature selection;Undersampling;6.00;38.00;670.00;21.00;0.14;0.22;0.63;0.13
SYNCOPE;9;0.39;0.50;0.04;Random Forest;no feature selection;Undersampling;13.00;58.00;475.00;12.00;0.18;0.52;0.84;0.22
SYNCOPE;10;0.36;0.50;0.04;Random Forest;no feature selection;Undersampling;16.00;139.00;567.00;14.00;0.10;0.53;0.79;0.11
SYNCOPE;11;0.39;0.50;0.04;Random Forest;no feature selection;Undersampling;0.00;2.00;710.00;27.00;0.00;0.00;0.00;0.00
SYNCOPE;12;0.42;0.50;0.45;Random Forest;no feature selection;Undersampling;61.00;9.00;399.00;274.00;0.87;0.18;0.71;0.17
SYNCOPE;13;0.62;0.50;0.60;Random Forest;no feature selection;Undersampling;256.00;19.00;278.00;195.00;0.93;0.57;0.83;0.46
SYNCOPE;14;0.73;0.50;0.64;Random Forest;no feature selection;Undersampling;473.00;218.00;54.00;16.00;0.68;0.97;0.74;0.20
SYNCOPE;15;0.80;0.50;0.04;Random Forest;no feature selection;Undersampling;31.00;591.00;139.00;0.00;0.05;1.00;0.68;0.02
SYNCOPE;16;0.85;0.50;0.03;Random Forest;no feature selection;Undersampling;5.00;32.00;514.00;9.00;0.14;0.36;0.89;0.17
SYNCOPE;17;0.81;0.50;0.64;Random Forest;no feature selection;Undersampling;30.00;3.00;269.00;461.00;0.91;0.06;0.67;0.04
SYNCOPE;18;0.84;0.50;0.62;Random Forest;no feature selection;Undersampling;54.00;109.00;184.00;416.00;0.33;0.11;0.49;-0.21
SYNCOPE;19;0.85;0.50;0.81;Random Forest;no feature selection;Undersampling;501.00;23.00;146.00;203.00;0.96;0.71;0.92;0.41
SYNCOPE;20;0.88;0.50;0.82;Random Forest;no feature selection;Undersampling;725.00;31.00;134.00;3.00;0.96;1.00;0.95;0.86
SYNCOPE;21;0.90;0.50;0.13;Random Forest;no feature selection;Undersampling;91.00;657.00;124.00;27.00;0.12;0.77;0.53;-0.02
SYNCOPE;22;0.90;0.50;1.00;Random Forest;no feature selection;Undersampling;571.00;0.00;0.00;329.00;1.00;0.63;0.00;0.00
SYNCOPE;23;0.92;0.50;0.99;Random Forest;no feature selection;Undersampling;102.00;13.00;0.00;787.00;0.89;0.11;0.00;-0.03
SYNCOPE;24;0.93;0.50;0.99;Random Forest;no feature selection;Undersampling;890.00;0.00;5.00;9.00;1.00;0.99;1.00;0.52
SYNCOPE;25;0.94;0.50;1.00;Random Forest;no feature selection;Undersampling;907.00;1.00;3.00;0.00;1.00;1.00;1.00;0.86
SYNCOPE;26;0.94;0.50;0.03;Random Forest;no feature selection;Undersampling;23.00;889.00;0.00;0.00;0.03;1.00;0.44;0.00
SYNCOPE;27;0.91;0.50;0.01;Random Forest;no feature selection;Undersampling;3.00;296.00;1130.00;9.00;0.01;0.25;0.53;0.00
SYNCOPE;28;0.94;0.50;0.00;Random Forest;no feature selection;Undersampling;0.00;2.00;912.00;0.00;0.00;0.00;0.00;0.00
SYNCOPE;29;0.91;0.50;0.00;Random Forest;no feature selection;Undersampling;0.00;150.00;1420.00;7.00;0.00;0.00;0.00;0.00
SYNCOPE;30;0.94;0.50;0.00;Random Forest;no feature selection;Undersampling;0.00;2.00;913.00;0.00;0.00;0.00;0.00;0.00
SYNCOPE;31;0.90;0.50;0.01;Random Forest;no feature selection;Undersampling;0.00;1.00;1657.00;24.00;0.00;0.00;0.00;0.00
MEAN;;;;;;;;157.32;145.81;425.16;92.84;0.35;0.56;0.60;0.14
;
SYNCOPE;1;0.50;0.00;0.00;Random Forest;no feature selection;smote;0.00;0.00;548.00;1.00;0.00;0.00;0.00;0.00
SYNCOPE;2;0.67;0.00;0.00;Random Forest;no feature selection;smote;1.00;0.00;548.00;0.00;1.00;1.00;1.00;1.00
SYNCOPE;3;0.75;0.00;0.00;Random Forest;no feature selection;smote;1.00;1.00;548.00;0.00;0.50;1.00;1.00;0.67
SYNCOPE;4;0.80;0.00;0.01;Random Forest;no feature selection;smote;0.00;0.00;546.00;4.00;0.00;0.00;0.00;0.00
SYNCOPE;5;0.83;0.00;0.13;Random Forest;no feature selection;smote;1.00;0.00;481.00;70.00;1.00;0.01;0.64;0.02
SYNCOPE;6;0.86;0.02;0.07;Random Forest;no feature selection;smote;8.00;23.00;498.00;30.00;0.26;0.21;0.75;0.18
SYNCOPE;7;0.87;0.03;0.07;Random Forest;no feature selection;smote;1.00;2.00;519.00;37.00;0.33;0.03;0.81;0.04
SYNCOPE;8;0.86;0.04;0.04;Random Forest;no feature selection;smote;0.00;0.00;708.00;27.00;0.00;0.00;0.00;0.00
SYNCOPE;9;0.90;0.04;0.04;Random Forest;no feature selection;smote;1.00;2.00;531.00;24.00;0.33;0.04;0.82;0.06
SYNCOPE;10;0.89;0.04;0.04;Random Forest;no feature selection;smote;3.00;0.00;706.00;27.00;1.00;0.10;0.75;0.18
SYNCOPE;11;0.90;0.04;0.04;Random Forest;no feature selection;smote;0.00;0.00;712.00;27.00;0.00;0.00;0.00;0.00
SYNCOPE;12;0.91;0.04;0.45;Random Forest;no feature selection;smote;1.00;0.00;408.00;334.00;1.00;0.00;0.56;0.00
SYNCOPE;13;0.91;0.08;0.60;Random Forest;no feature selection;smote;162.00;1.00;296.00;289.00;0.99;0.36;0.83;0.31
SYNCOPE;14;0.92;0.12;0.64;Random Forest;no feature selection;smote;437.00;69.00;203.00;52.00;0.86;0.89;0.90;0.65
SYNCOPE;15;0.93;0.16;0.04;Random Forest;no feature selection;smote;31.00;490.00;240.00;0.00;0.06;1.00;0.76;0.04
SYNCOPE;16;0.95;0.15;0.03;Random Forest;no feature selection;smote;0.00;1.00;545.00;14.00;0.00;0.00;0.00;0.00
SYNCOPE;17;0.93;0.15;0.64;Random Forest;no feature selection;smote;0.00;0.00;272.00;491.00;0.00;0.00;0.00;0.00
SYNCOPE;18;0.94;0.18;0.62;Random Forest;no feature selection;smote;1.00;25.00;268.00;469.00;0.04;0.00;0.69;-0.06
SYNCOPE;19;0.93;0.21;0.81;Random Forest;no feature selection;smote;482.00;2.00;167.00;222.00;1.00;0.68;0.95;0.45
SYNCOPE;20;0.94;0.25;0.82;Random Forest;no feature selection;smote;723.00;16.00;149.00;5.00;0.98;0.99;0.98;0.92
SYNCOPE;21;0.94;0.28;0.13;Random Forest;no feature selection;smote;90.00;647.00;134.00;28.00;0.12;0.76;0.54;-0.02
SYNCOPE;22;0.94;0.27;1.00;Random Forest;no feature selection;smote;278.00;0.00;0.00;622.00;1.00;0.31;0.00;0.00
SYNCOPE;23;0.95;0.32;0.99;Random Forest;no feature selection;smote;53.00;13.00;0.00;836.00;0.80;0.06;0.00;-0.03
SYNCOPE;24;0.95;0.35;0.99;Random Forest;no feature selection;smote;890.00;0.00;5.00;9.00;1.00;0.99;1.00;0.52
SYNCOPE;25;0.95;0.38;1.00;Random Forest;no feature selection;smote;907.00;1.00;3.00;0.00;1.00;1.00;1.00;0.86
SYNCOPE;26;0.95;0.41;0.03;Random Forest;no feature selection;smote;23.00;889.00;0.00;0.00;0.03;1.00;0.87;0.00
SYNCOPE;27;0.93;0.40;0.01;Random Forest;no feature selection;smote;3.00;263.00;1163.00;9.00;0.01;0.25;0.47;0.01
SYNCOPE;28;0.96;0.37;0.00;Random Forest;no feature selection;smote;0.00;5.00;909.00;0.00;0.00;0.00;0.00;0.00
SYNCOPE;29;0.93;0.35;0.00;Random Forest;no feature selection;smote;0.00;21.00;1549.00;7.00;0.00;0.00;0.00;0.00
SYNCOPE;30;0.96;0.33;0.00;Random Forest;no feature selection;smote;0.00;1.00;914.00;0.00;0.00;0.00;0.00;0.00
SYNCOPE;31;0.94;0.32;0.01;Random Forest;no feature selection;smote;0.00;1.00;1657.00;24.00;0.00;0.00;0.00;0.00
MEAN;;;;;;;;132.16;79.77;491.19;118.00;0.43;0.35;0.49;0.19
;
SYNCOPE;1;0.50;0.00;0.00;Random Forest;Best First;no resample;0.00;0.00;548.00;1.00;0.00;0.00;0.00;0.00
SYNCOPE;2;0.67;0.00;0.00;Random Forest;Best First;no resample;0.00;0.00;548.00;1.00;0.00;0.00;0.00;0.00
SYNCOPE;3;0.75;0.00;0.00;Random Forest;Best First;no resample;0.00;0.00;549.00;1.00;0.00;0.00;0.00;0.00
SYNCOPE;4;0.80;0.00;0.01;Random Forest;Best First;no resample;1.00;1.00;545.00;3.00;0.50;0.25;0.62;0.33
SYNCOPE;5;0.83;0.00;0.13;Random Forest;Best First;no resample;2.00;1.00;480.00;69.00;0.67;0.03;0.52;0.04
SYNCOPE;6;0.86;0.02;0.07;Random Forest;Best First;no resample;14.00;32.00;489.00;24.00;0.30;0.37;0.76;0.28
SYNCOPE;7;0.87;0.03;0.07;Random Forest;Best First;no resample;10.00;8.00;513.00;28.00;0.56;0.26;0.68;0.33
SYNCOPE;8;0.86;0.04;0.04;Random Forest;Best First;no resample;5.00;23.00;685.00;22.00;0.18;0.19;0.72;0.15
SYNCOPE;9;0.90;0.04;0.04;Random Forest;Best First;no resample;0.00;0.00;533.00;25.00;0.00;0.00;0.00;0.00
SYNCOPE;10;0.89;0.04;0.04;Random Forest;Best First;no resample;8.00;12.00;694.00;22.00;0.40;0.27;0.86;0.30
SYNCOPE;11;0.90;0.04;0.04;Random Forest;Best First;no resample;2.00;2.00;710.00;25.00;0.50;0.07;0.57;0.12
SYNCOPE;12;0.91;0.04;0.45;Random Forest;Best First;no resample;1.00;1.00;407.00;334.00;0.50;0.00;0.49;0.00
SYNCOPE;13;0.91;0.08;0.60;Random Forest;Best First;no resample;137.00;12.00;285.00;314.00;0.92;0.30;0.81;0.22
SYNCOPE;14;0.92;0.12;0.64;Random Forest;Best First;no resample;426.00;53.00;219.00;63.00;0.89;0.87;0.91;0.67
SYNCOPE;15;0.93;0.16;0.04;Random Forest;Best First;no resample;31.00;509.00;221.00;0.00;0.06;1.00;0.70;0.03
SYNCOPE;16;0.95;0.15;0.03;Random Forest;Best First;no resample;3.00;4.00;542.00;11.00;0.43;0.21;0.83;0.27
SYNCOPE;17;0.93;0.15;0.64;Random Forest;Best First;no resample;21.00;0.00;272.00;470.00;1.00;0.04;0.72;0.03
SYNCOPE;18;0.94;0.18;0.62;Random Forest;Best First;no resample;0.00;4.00;289.00;470.00;0.00;0.00;0.00;0.00
SYNCOPE;19;0.93;0.21;0.81;Random Forest;Best First;no resample;548.00;1.00;168.00;156.00;1.00;0.78;0.95;0.57
SYNCOPE;20;0.94;0.25;0.82;Random Forest;Best First;no resample;695.00;0.00;165.00;33.00;1.00;0.95;0.99;0.89
SYNCOPE;21;0.94;0.28;0.13;Random Forest;Best First;no resample;88.00;642.00;139.00;30.00;0.12;0.75;0.47;-0.02
SYNCOPE;22;0.94;0.27;1.00;Random Forest;Best First;no resample;744.00;0.00;0.00;156.00;1.00;0.83;0.00;0.00
SYNCOPE;23;0.95;0.32;0.99;Random Forest;Best First;no resample;889.00;13.00;0.00;0.00;0.99;1.00;0.00;0.00
SYNCOPE;24;0.95;0.35;0.99;Random Forest;Best First;no resample;890.00;0.00;5.00;9.00;1.00;0.99;1.00;0.52
SYNCOPE;25;0.95;0.38;1.00;Random Forest;Best First;no resample;906.00;0.00;4.00;1.00;1.00;1.00;1.00;0.89
SYNCOPE;26;0.95;0.41;0.03;Random Forest;Best First;no resample;23.00;889.00;0.00;0.00;0.03;1.00;0.44;0.00
SYNCOPE;27;0.93;0.40;0.01;Random Forest;Best First;no resample;0.00;2.00;1424.00;12.00;0.00;0.00;0.00;0.00
SYNCOPE;28;0.96;0.37;0.00;Random Forest;Best First;no resample;0.00;0.00;914.00;0.00;1.00;1.00;0.00;0.00
SYNCOPE;29;0.93;0.35;0.00;Random Forest;Best First;no resample;0.00;11.00;1559.00;7.00;0.00;0.00;0.00;0.00
SYNCOPE;30;0.96;0.33;0.00;Random Forest;Best First;no resample;0.00;0.00;915.00;0.00;1.00;1.00;0.00;0.00
SYNCOPE;31;0.94;0.32;0.01;Random Forest;Best First;no resample;0.00;0.00;1658.00;24.00;0.00;0.00;0.00;0.00
MEAN;;;;;;;;175.61;71.61;499.35;74.55;0.48;0.42;0.45;0.18
;
SYNCOPE;1;0.67;0.50;0.00;Random Forest;Best First;Oversampling;0.00;0.00;548.00;1.00;0.00;0.00;0.00;0.00
SYNCOPE;2;0.80;0.50;0.00;Random Forest;Best First;Oversampling;1.00;0.00;548.00;0.00;1.00;1.00;1.00;1.00
SYNCOPE;3;0.86;0.50;0.00;Random Forest;Best First;Oversampling;1.00;1.00;548.00;0.00;0.50;1.00;1.00;0.67
SYNCOPE;4;0.89;0.50;0.01;Random Forest;Best First;Oversampling;1.00;1.00;545.00;3.00;0.50;0.25;0.62;0.33
SYNCOPE;5;0.91;0.50;0.13;Random Forest;Best First;Oversampling;3.00;3.00;478.00;68.00;0.50;0.04;0.52;0.06
SYNCOPE;6;0.92;0.50;0.07;Random Forest;Best First;Oversampling;19.00;175.00;346.00;19.00;0.10;0.50;0.66;0.06
SYNCOPE;7;0.93;0.50;0.07;Random Forest;Best First;Oversampling;3.00;5.00;516.00;35.00;0.38;0.08;0.88;0.11
SYNCOPE;8;0.92;0.50;0.04;Random Forest;Best First;Oversampling;0.00;0.00;708.00;27.00;0.00;0.00;0.00;0.00
SYNCOPE;9;0.95;0.50;0.04;Random Forest;Best First;Oversampling;3.00;4.00;529.00;22.00;0.43;0.12;0.84;0.17
SYNCOPE;10;0.94;0.50;0.04;Random Forest;Best First;Oversampling;8.00;9.00;697.00;22.00;0.47;0.27;0.74;0.32
SYNCOPE;11;0.94;0.50;0.04;Random Forest;Best First;Oversampling;0.00;4.00;708.00;27.00;0.00;0.00;0.00;0.00
SYNCOPE;12;0.95;0.50;0.45;Random Forest;Best First;Oversampling;2.00;1.00;407.00;333.00;0.67;0.01;0.57;0.00
SYNCOPE;13;0.95;0.50;0.60;Random Forest;Best First;Oversampling;85.00;29.00;268.00;366.00;0.75;0.19;0.57;0.08
SYNCOPE;14;0.95;0.50;0.64;Random Forest;Best First;Oversampling;437.00;108.00;164.00;52.00;0.80;0.89;0.90;0.52
SYNCOPE;15;0.95;0.50;0.04;Random Forest;Best First;Oversampling;31.00;531.00;199.00;0.00;0.06;1.00;0.69;0.03
SYNCOPE;16;0.97;0.50;0.03;Random Forest;Best First;Oversampling;10.00;285.00;261.00;4.00;0.03;0.71;0.54;0.02
SYNCOPE;17;0.96;0.50;0.64;Random Forest;Best First;Oversampling;28.00;3.00;269.00;463.00;0.90;0.06;0.58;0.03
SYNCOPE;18;0.96;0.50;0.62;Random Forest;Best First;Oversampling;0.00;2.00;291.00;470.00;0.00;0.00;0.00;0.00
SYNCOPE;19;0.96;0.50;0.81;Random Forest;Best First;Oversampling;488.00;1.00;168.00;216.00;1.00;0.69;0.98;0.46
SYNCOPE;20;0.96;0.50;0.82;Random Forest;Best First;Oversampling;725.00;0.00;165.00;3.00;1.00;1.00;1.00;0.99
SYNCOPE;21;0.96;0.50;0.13;Random Forest;Best First;Oversampling;79.00;607.00;174.00;39.00;0.12;0.67;0.45;-0.04
SYNCOPE;22;0.96;0.50;1.00;Random Forest;Best First;Oversampling;0.00;0.00;0.00;900.00;NaN;0.00;0.00;0.00
SYNCOPE;23;0.96;0.50;0.99;Random Forest;Best First;Oversampling;889.00;13.00;0.00;0.00;0.99;1.00;0.00;0.00
SYNCOPE;24;0.96;0.50;0.99;Random Forest;Best First;Oversampling;891.00;0.00;5.00;8.00;1.00;0.99;1.00;0.55
SYNCOPE;25;0.96;0.50;1.00;Random Forest;Best First;Oversampling;906.00;0.00;4.00;1.00;1.00;1.00;1.00;0.89
SYNCOPE;26;0.96;0.50;0.03;Random Forest;Best First;Oversampling;23.00;889.00;0.00;0.00;0.03;1.00;0.44;0.00
SYNCOPE;27;0.94;0.50;0.01;Random Forest;Best First;Oversampling;1.00;169.00;1257.00;11.00;0.01;0.08;0.51;-0.00
SYNCOPE;28;0.97;0.50;0.00;Random Forest;Best First;Oversampling;0.00;0.00;914.00;0.00;1.00;1.00;0.00;0.00
SYNCOPE;29;0.95;0.50;0.00;Random Forest;Best First;Oversampling;0.00;27.00;1543.00;7.00;0.00;0.00;0.00;0.00
SYNCOPE;30;0.97;0.50;0.00;Random Forest;Best First;Oversampling;0.00;0.00;915.00;0.00;1.00;1.00;0.00;0.00
SYNCOPE;31;0.95;0.50;0.01;Random Forest;Best First;Oversampling;0.00;0.00;1658.00;24.00;0.00;0.00;0.00;0.00
MEAN;;;;;;;;149.48;92.48;478.48;100.68;NaN;0.47;0.50;0.20
;
SYNCOPE;1;0.00;0.50;0.00;Random Forest;Best First;Undersampling;1.00;173.00;375.00;0.00;0.01;1.00;0.84;0.01
SYNCOPE;2;0.01;0.50;0.00;Random Forest;Best First;Undersampling;1.00;128.00;420.00;0.00;0.01;1.00;0.88;0.01
SYNCOPE;3;0.01;0.50;0.00;Random Forest;Best First;Undersampling;1.00;129.00;420.00;0.00;0.01;1.00;0.88;0.01
SYNCOPE;4;0.01;0.50;0.01;Random Forest;Best First;Undersampling;4.00;110.00;436.00;0.00;0.04;1.00;0.90;0.05
SYNCOPE;5;0.03;0.50;0.13;Random Forest;Best First;Undersampling;31.00;52.00;429.00;40.00;0.37;0.44;0.68;0.31
SYNCOPE;6;0.22;0.50;0.07;Random Forest;Best First;Undersampling;36.00;291.00;230.00;2.00;0.11;0.95;0.79;0.09
SYNCOPE;7;0.30;0.50;0.07;Random Forest;Best First;Undersampling;37.00;320.00;201.00;1.00;0.10;0.97;0.73;0.07
SYNCOPE;8;0.30;0.50;0.04;Random Forest;Best First;Undersampling;4.00;21.00;687.00;23.00;0.16;0.15;0.66;0.12
SYNCOPE;9;0.39;0.50;0.04;Random Forest;Best First;Undersampling;14.00;60.00;473.00;11.00;0.19;0.56;0.75;0.23
SYNCOPE;10;0.36;0.50;0.04;Random Forest;Best First;Undersampling;16.00;140.00;566.00;14.00;0.10;0.53;0.81;0.11
SYNCOPE;11;0.39;0.50;0.04;Random Forest;Best First;Undersampling;1.00;11.00;701.00;26.00;0.08;0.04;0.60;0.03
SYNCOPE;12;0.42;0.50;0.45;Random Forest;Best First;Undersampling;66.00;15.00;393.00;269.00;0.81;0.20;0.72;0.17
SYNCOPE;13;0.62;0.50;0.60;Random Forest;Best First;Undersampling;217.00;114.00;183.00;234.00;0.66;0.48;0.61;0.09
SYNCOPE;14;0.73;0.50;0.64;Random Forest;Best First;Undersampling;470.00;216.00;56.00;19.00;0.69;0.96;0.86;0.20
SYNCOPE;15;0.80;0.50;0.04;Random Forest;Best First;Undersampling;31.00;586.00;144.00;0.00;0.05;1.00;0.68;0.02
SYNCOPE;16;0.85;0.50;0.03;Random Forest;Best First;Undersampling;11.00;289.00;257.00;3.00;0.04;0.79;0.78;0.02
SYNCOPE;17;0.81;0.50;0.64;Random Forest;Best First;Undersampling;67.00;4.00;268.00;424.00;0.94;0.14;0.63;0.09
SYNCOPE;18;0.84;0.50;0.62;Random Forest;Best First;Undersampling;82.00;114.00;179.00;388.00;0.42;0.17;0.56;-0.18
SYNCOPE;19;0.85;0.50;0.81;Random Forest;Best First;Undersampling;515.00;23.00;146.00;189.00;0.96;0.73;0.92;0.43
SYNCOPE;20;0.88;0.50;0.82;Random Forest;Best First;Undersampling;668.00;0.00;165.00;60.00;1.00;0.92;1.00;0.80
SYNCOPE;21;0.90;0.50;0.13;Random Forest;Best First;Undersampling;87.00;623.00;158.00;31.00;0.12;0.74;0.49;-0.02
SYNCOPE;22;0.90;0.50;1.00;Random Forest;Best First;Undersampling;706.00;0.00;0.00;194.00;1.00;0.78;0.00;0.00
SYNCOPE;23;0.92;0.50;0.99;Random Forest;Best First;Undersampling;889.00;13.00;0.00;0.00;0.99;1.00;0.00;0.00
SYNCOPE;24;0.93;0.50;0.99;Random Forest;Best First;Undersampling;891.00;0.00;5.00;8.00;1.00;0.99;1.00;0.55
SYNCOPE;25;0.94;0.50;1.00;Random Forest;Best First;Undersampling;906.00;0.00;4.00;1.00;1.00;1.00;1.00;0.89
SYNCOPE;26;0.94;0.50;0.03;Random Forest;Best First;Undersampling;23.00;889.00;0.00;0.00;0.03;1.00;0.44;0.00
SYNCOPE;27;0.91;0.50;0.01;Random Forest;Best First;Undersampling;3.00;257.00;1169.00;9.00;0.01;0.25;0.51;0.01
SYNCOPE;28;0.94;0.50;0.00;Random Forest;Best First;Undersampling;0.00;0.00;914.00;0.00;1.00;1.00;0.00;0.00
SYNCOPE;29;0.91;0.50;0.00;Random Forest;Best First;Undersampling;0.00;12.00;1558.00;7.00;0.00;0.00;0.00;0.00
SYNCOPE;30;0.94;0.50;0.00;Random Forest;Best First;Undersampling;0.00;0.00;915.00;0.00;1.00;1.00;0.00;0.00
SYNCOPE;31;0.90;0.50;0.01;Random Forest;Best First;Undersampling;0.00;0.00;1658.00;24.00;0.00;0.00;0.00;0.00
MEAN;;;;;;;;186.39;148.06;422.90;63.77;0.42;0.67;0.60;0.13
;
SYNCOPE;1;0.50;0.00;0.00;Random Forest;Best First;smote;0.00;0.00;548.00;1.00;0.00;0.00;0.00;0.00
SYNCOPE;2;0.67;0.00;0.00;Random Forest;Best First;smote;0.00;0.00;548.00;1.00;0.00;0.00;0.00;0.00
SYNCOPE;3;0.75;0.00;0.00;Random Forest;Best First;smote;0.00;0.00;549.00;1.00;0.00;0.00;0.00;0.00
SYNCOPE;4;0.80;0.00;0.01;Random Forest;Best First;smote;1.00;1.00;545.00;3.00;0.50;0.25;0.62;0.33
SYNCOPE;5;0.83;0.00;0.13;Random Forest;Best First;smote;2.00;1.00;480.00;69.00;0.67;0.03;0.52;0.04
SYNCOPE;6;0.86;0.02;0.07;Random Forest;Best First;smote;14.00;32.00;489.00;24.00;0.30;0.37;0.76;0.28
SYNCOPE;7;0.87;0.03;0.07;Random Forest;Best First;smote;10.00;8.00;513.00;28.00;0.56;0.26;0.68;0.33
SYNCOPE;8;0.86;0.04;0.04;Random Forest;Best First;smote;5.00;23.00;685.00;22.00;0.18;0.19;0.72;0.15
SYNCOPE;9;0.90;0.04;0.04;Random Forest;Best First;smote;0.00;0.00;533.00;25.00;0.00;0.00;0.00;0.00
SYNCOPE;10;0.89;0.04;0.04;Random Forest;Best First;smote;8.00;12.00;694.00;22.00;0.40;0.27;0.86;0.30
SYNCOPE;11;0.90;0.04;0.04;Random Forest;Best First;smote;2.00;2.00;710.00;25.00;0.50;0.07;0.57;0.12
SYNCOPE;12;0.91;0.04;0.45;Random Forest;Best First;smote;1.00;1.00;407.00;334.00;0.50;0.00;0.49;0.00
SYNCOPE;13;0.91;0.08;0.60;Random Forest;Best First;smote;137.00;12.00;285.00;314.00;0.92;0.30;0.81;0.22
SYNCOPE;14;0.92;0.12;0.64;Random Forest;Best First;smote;426.00;53.00;219.00;63.00;0.89;0.87;0.91;0.67
SYNCOPE;15;0.93;0.16;0.04;Random Forest;Best First;smote;31.00;509.00;221.00;0.00;0.06;1.00;0.70;0.03
SYNCOPE;16;0.95;0.15;0.03;Random Forest;Best First;smote;3.00;4.00;542.00;11.00;0.43;0.21;0.83;0.27
SYNCOPE;17;0.93;0.15;0.64;Random Forest;Best First;smote;21.00;0.00;272.00;470.00;1.00;0.04;0.72;0.03
SYNCOPE;18;0.94;0.18;0.62;Random Forest;Best First;smote;0.00;4.00;289.00;470.00;0.00;0.00;0.00;0.00
SYNCOPE;19;0.93;0.21;0.81;Random Forest;Best First;smote;548.00;1.00;168.00;156.00;1.00;0.78;0.95;0.57
SYNCOPE;20;0.94;0.25;0.82;Random Forest;Best First;smote;695.00;0.00;165.00;33.00;1.00;0.95;0.99;0.89
SYNCOPE;21;0.94;0.28;0.13;Random Forest;Best First;smote;88.00;642.00;139.00;30.00;0.12;0.75;0.47;-0.02
SYNCOPE;22;0.94;0.27;1.00;Random Forest;Best First;smote;744.00;0.00;0.00;156.00;1.00;0.83;0.00;0.00
SYNCOPE;23;0.95;0.32;0.99;Random Forest;Best First;smote;889.00;13.00;0.00;0.00;0.99;1.00;0.00;0.00
SYNCOPE;24;0.95;0.35;0.99;Random Forest;Best First;smote;890.00;0.00;5.00;9.00;1.00;0.99;1.00;0.52
SYNCOPE;25;0.95;0.38;1.00;Random Forest;Best First;smote;906.00;0.00;4.00;1.00;1.00;1.00;1.00;0.89
SYNCOPE;26;0.95;0.41;0.03;Random Forest;Best First;smote;23.00;889.00;0.00;0.00;0.03;1.00;0.44;0.00
SYNCOPE;27;0.93;0.40;0.01;Random Forest;Best First;smote;0.00;2.00;1424.00;12.00;0.00;0.00;0.00;0.00
SYNCOPE;28;0.96;0.37;0.00;Random Forest;Best First;smote;0.00;0.00;914.00;0.00;1.00;1.00;0.00;0.00
SYNCOPE;29;0.93;0.35;0.00;Random Forest;Best First;smote;0.00;11.00;1559.00;7.00;0.00;0.00;0.00;0.00
SYNCOPE;30;0.96;0.33;0.00;Random Forest;Best First;smote;0.00;0.00;915.00;0.00;1.00;1.00;0.00;0.00
SYNCOPE;31;0.94;0.32;0.01;Random Forest;Best First;smote;0.00;0.00;1658.00;24.00;0.00;0.00;0.00;0.00
MEAN;;;;;;;;175.61;71.61;499.35;74.55;0.48;0.42;0.45;0.18
;
SYNCOPE;1;0.50;0.00;0.00;Naive Bayes;no feature selection;no resample;0.00;0.00;548.00;1.00;0.00;0.00;0.00;0.00
SYNCOPE;2;0.67;0.00;0.00;Naive Bayes;no feature selection;no resample;0.00;0.00;548.00;1.00;0.00;0.00;0.00;0.00
SYNCOPE;3;0.75;0.00;0.00;Naive Bayes;no feature selection;no resample;0.00;0.00;549.00;1.00;0.00;0.00;0.00;0.00
SYNCOPE;4;0.80;0.00;0.01;Naive Bayes;no feature selection;no resample;2.00;5.00;541.00;2.00;0.29;0.50;0.92;0.36
SYNCOPE;5;0.83;0.00;0.13;Naive Bayes;no feature selection;no resample;71.00;478.00;3.00;0.00;0.13;1.00;0.52;0.00
SYNCOPE;6;0.86;0.02;0.07;Naive Bayes;no feature selection;no resample;38.00;339.00;182.00;0.00;0.10;1.00;0.79;0.07
SYNCOPE;7;0.87;0.03;0.07;Naive Bayes;no feature selection;no resample;33.00;97.00;424.00;5.00;0.25;0.87;0.90;0.32
SYNCOPE;8;0.86;0.04;0.04;Naive Bayes;no feature selection;no resample;7.00;38.00;670.00;20.00;0.16;0.26;0.68;0.16
SYNCOPE;9;0.90;0.04;0.04;Naive Bayes;no feature selection;no resample;9.00;22.00;511.00;16.00;0.29;0.36;0.88;0.29
SYNCOPE;10;0.89;0.04;0.04;Naive Bayes;no feature selection;no resample;8.00;26.00;680.00;22.00;0.24;0.27;0.75;0.22
SYNCOPE;11;0.90;0.04;0.04;Naive Bayes;no feature selection;no resample;1.00;1.00;711.00;26.00;0.50;0.04;0.63;0.06
SYNCOPE;12;0.91;0.04;0.45;Naive Bayes;no feature selection;no resample;3.00;0.00;408.00;332.00;1.00;0.01;0.56;0.01
SYNCOPE;13;0.91;0.08;0.60;Naive Bayes;no feature selection;no resample;278.00;6.00;291.00;173.00;0.98;0.62;0.82;0.54
SYNCOPE;14;0.92;0.12;0.64;Naive Bayes;no feature selection;no resample;429.00;42.00;230.00;60.00;0.91;0.88;0.88;0.71
SYNCOPE;15;0.93;0.16;0.04;Naive Bayes;no feature selection;no resample;31.00;489.00;241.00;0.00;0.06;1.00;0.67;0.04
SYNCOPE;16;0.95;0.15;0.03;Naive Bayes;no feature selection;no resample;12.00;98.00;448.00;2.00;0.11;0.86;0.89;0.16
SYNCOPE;17;0.93;0.15;0.64;Naive Bayes;no feature selection;no resample;39.00;2.00;270.00;452.00;0.95;0.08;0.59;0.05
SYNCOPE;18;0.94;0.18;0.62;Naive Bayes;no feature selection;no resample;426.00;93.00;200.00;44.00;0.82;0.91;0.93;0.61
SYNCOPE;19;0.93;0.21;0.81;Naive Bayes;no feature selection;no resample;509.00;2.00;167.00;195.00;1.00;0.72;0.99;0.50
SYNCOPE;20;0.94;0.25;0.82;Naive Bayes;no feature selection;no resample;348.00;0.00;165.00;380.00;1.00;0.48;0.99;0.25
SYNCOPE;21;0.94;0.28;0.13;Naive Bayes;no feature selection;no resample;88.00;639.00;142.00;30.00;0.12;0.75;0.51;-0.02
SYNCOPE;22;0.94;0.27;1.00;Naive Bayes;no feature selection;no resample;222.00;0.00;0.00;678.00;1.00;0.25;0.00;0.00
SYNCOPE;23;0.95;0.32;0.99;Naive Bayes;no feature selection;no resample;887.00;0.00;13.00;2.00;1.00;1.00;1.00;0.93
SYNCOPE;24;0.95;0.35;0.99;Naive Bayes;no feature selection;no resample;891.00;0.00;5.00;8.00;1.00;0.99;0.99;0.55
SYNCOPE;25;0.95;0.38;1.00;Naive Bayes;no feature selection;no resample;906.00;0.00;4.00;1.00;1.00;1.00;1.00;0.89
SYNCOPE;26;0.95;0.41;0.03;Naive Bayes;no feature selection;no resample;23.00;889.00;0.00;0.00;0.03;1.00;0.44;0.00
SYNCOPE;27;0.93;0.40;0.01;Naive Bayes;no feature selection;no resample;11.00;1326.00;100.00;1.00;0.01;0.92;0.45;-0.00
SYNCOPE;28;0.96;0.37;0.00;Naive Bayes;no feature selection;no resample;0.00;12.00;902.00;0.00;0.00;0.00;0.00;0.00
SYNCOPE;29;0.93;0.35;0.00;Naive Bayes;no feature selection;no resample;0.00;186.00;1384.00;7.00;0.00;0.00;0.00;0.00
SYNCOPE;30;0.96;0.33;0.00;Naive Bayes;no feature selection;no resample;0.00;5.00;910.00;0.00;0.00;0.00;0.00;0.00
SYNCOPE;31;0.94;0.32;0.01;Naive Bayes;no feature selection;no resample;0.00;4.00;1654.00;24.00;0.00;0.00;0.00;0.00
MEAN;;;;;;;;170.06;154.81;416.16;80.10;0.42;0.51;0.57;0.22
;
SYNCOPE;1;0.67;0.50;0.00;Naive Bayes;no feature selection;Oversampling;0.00;0.00;548.00;1.00;0.00;0.00;0.00;0.00
SYNCOPE;2;0.80;0.50;0.00;Naive Bayes;no feature selection;Oversampling;0.00;0.00;548.00;1.00;0.00;0.00;0.00;0.00
SYNCOPE;3;0.86;0.50;0.00;Naive Bayes;no feature selection;Oversampling;1.00;7.00;542.00;0.00;0.13;1.00;0.99;0.22
SYNCOPE;4;0.89;0.50;0.01;Naive Bayes;no feature selection;Oversampling;3.00;14.00;532.00;1.00;0.18;0.75;0.92;0.28
SYNCOPE;5;0.91;0.50;0.13;Naive Bayes;no feature selection;Oversampling;71.00;479.00;2.00;0.00;0.13;1.00;0.52;0.00
SYNCOPE;6;0.92;0.50;0.07;Naive Bayes;no feature selection;Oversampling;38.00;356.00;165.00;0.00;0.10;1.00;0.79;0.06
SYNCOPE;7;0.93;0.50;0.07;Naive Bayes;no feature selection;Oversampling;38.00;335.00;186.00;0.00;0.10;1.00;0.90;0.07
SYNCOPE;8;0.92;0.50;0.04;Naive Bayes;no feature selection;Oversampling;9.00;60.00;648.00;18.00;0.13;0.33;0.70;0.14
SYNCOPE;9;0.95;0.50;0.04;Naive Bayes;no feature selection;Oversampling;10.00;34.00;499.00;15.00;0.23;0.40;0.88;0.25
SYNCOPE;10;0.94;0.50;0.04;Naive Bayes;no feature selection;Oversampling;10.00;44.00;662.00;20.00;0.19;0.33;0.75;0.20
SYNCOPE;11;0.94;0.50;0.04;Naive Bayes;no feature selection;Oversampling;1.00;1.00;711.00;26.00;0.50;0.04;0.63;0.06
SYNCOPE;12;0.95;0.50;0.45;Naive Bayes;no feature selection;Oversampling;3.00;0.00;408.00;332.00;1.00;0.01;0.56;0.01
SYNCOPE;13;0.95;0.50;0.60;Naive Bayes;no feature selection;Oversampling;285.00;6.00;291.00;166.00;0.98;0.63;0.82;0.56
SYNCOPE;14;0.95;0.50;0.64;Naive Bayes;no feature selection;Oversampling;430.00;42.00;230.00;59.00;0.91;0.88;0.88;0.72
SYNCOPE;15;0.95;0.50;0.04;Naive Bayes;no feature selection;Oversampling;31.00;489.00;241.00;0.00;0.06;1.00;0.67;0.04
SYNCOPE;16;0.97;0.50;0.03;Naive Bayes;no feature selection;Oversampling;13.00;180.00;366.00;1.00;0.07;0.93;0.89;0.08
SYNCOPE;17;0.96;0.50;0.64;Naive Bayes;no feature selection;Oversampling;50.00;5.00;267.00;441.00;0.91;0.10;0.58;0.06
SYNCOPE;18;0.96;0.50;0.62;Naive Bayes;no feature selection;Oversampling;427.00;94.00;199.00;43.00;0.82;0.91;0.93;0.61
SYNCOPE;19;0.96;0.50;0.81;Naive Bayes;no feature selection;Oversampling;638.00;2.00;167.00;66.00;1.00;0.91;0.99;0.78
SYNCOPE;20;0.96;0.50;0.82;Naive Bayes;no feature selection;Oversampling;354.00;0.00;165.00;374.00;1.00;0.49;0.99;0.26
SYNCOPE;21;0.96;0.50;0.13;Naive Bayes;no feature selection;Oversampling;88.00;639.00;142.00;30.00;0.12;0.75;0.51;-0.02
SYNCOPE;22;0.96;0.50;1.00;Naive Bayes;no feature selection;Oversampling;291.00;0.00;0.00;609.00;1.00;0.32;0.00;0.00
SYNCOPE;23;0.96;0.50;0.99;Naive Bayes;no feature selection;Oversampling;889.00;13.00;0.00;0.00;0.99;1.00;1.00;0.00
SYNCOPE;24;0.96;0.50;0.99;Naive Bayes;no feature selection;Oversampling;891.00;0.00;5.00;8.00;1.00;0.99;0.99;0.55
SYNCOPE;25;0.96;0.50;1.00;Naive Bayes;no feature selection;Oversampling;906.00;0.00;4.00;1.00;1.00;1.00;1.00;0.89
SYNCOPE;26;0.96;0.50;0.03;Naive Bayes;no feature selection;Oversampling;23.00;889.00;0.00;0.00;0.03;1.00;0.44;0.00
SYNCOPE;27;0.94;0.50;0.01;Naive Bayes;no feature selection;Oversampling;11.00;1370.00;56.00;1.00;0.01;0.92;0.47;-0.00
SYNCOPE;28;0.97;0.50;0.00;Naive Bayes;no feature selection;Oversampling;0.00;15.00;899.00;0.00;0.00;0.00;0.00;0.00
SYNCOPE;29;0.95;0.50;0.00;Naive Bayes;no feature selection;Oversampling;0.00;187.00;1383.00;7.00;0.00;0.00;0.00;0.00
SYNCOPE;30;0.97;0.50;0.00;Naive Bayes;no feature selection;Oversampling;0.00;6.00;909.00;0.00;0.00;0.00;0.00;0.00
SYNCOPE;31;0.95;0.50;0.01;Naive Bayes;no feature selection;Oversampling;0.00;6.00;1652.00;24.00;0.00;0.00;0.00;0.00
MEAN;;;;;;;;177.77;170.10;400.87;72.39;0.40;0.57;0.61;0.19
;
SYNCOPE;1;0.00;0.50;0.00;Naive Bayes;no feature selection;Undersampling;0.00;30.00;518.00;1.00;0.00;0.00;0.00;0.00
SYNCOPE;2;0.01;0.50;0.00;Naive Bayes;no feature selection;Undersampling;0.00;0.00;548.00;1.00;0.00;0.00;0.00;0.00
SYNCOPE;3;0.01;0.50;0.00;Naive Bayes;no feature selection;Undersampling;1.00;67.00;482.00;0.00;0.01;1.00;0.92;0.03
SYNCOPE;4;0.01;0.50;0.01;Naive Bayes;no feature selection;Undersampling;4.00;209.00;337.00;0.00;0.02;1.00;0.78;0.02
SYNCOPE;5;0.03;0.50;0.13;Naive Bayes;no feature selection;Undersampling;71.00;335.00;146.00;0.00;0.17;1.00;0.77;0.10
SYNCOPE;6;0.22;0.50;0.07;Naive Bayes;no feature selection;Undersampling;38.00;353.00;168.00;0.00;0.10;1.00;0.79;0.06
SYNCOPE;7;0.30;0.50;0.07;Naive Bayes;no feature selection;Undersampling;38.00;334.00;187.00;0.00;0.10;1.00;0.89;0.07
SYNCOPE;8;0.30;0.50;0.04;Naive Bayes;no feature selection;Undersampling;9.00;50.00;658.00;18.00;0.15;0.33;0.68;0.17
SYNCOPE;9;0.39;0.50;0.04;Naive Bayes;no feature selection;Undersampling;10.00;36.00;497.00;15.00;0.22;0.40;0.86;0.24
SYNCOPE;10;0.36;0.50;0.04;Naive Bayes;no feature selection;Undersampling;11.00;42.00;664.00;19.00;0.21;0.37;0.76;0.22
SYNCOPE;11;0.39;0.50;0.04;Naive Bayes;no feature selection;Undersampling;1.00;2.00;710.00;26.00;0.33;0.04;0.64;0.06
SYNCOPE;12;0.42;0.50;0.45;Naive Bayes;no feature selection;Undersampling;6.00;0.00;408.00;329.00;1.00;0.02;0.56;0.02
SYNCOPE;13;0.62;0.50;0.60;Naive Bayes;no feature selection;Undersampling;286.00;7.00;290.00;165.00;0.98;0.63;0.83;0.56
SYNCOPE;14;0.73;0.50;0.64;Naive Bayes;no feature selection;Undersampling;430.00;42.00;230.00;59.00;0.91;0.88;0.88;0.72
SYNCOPE;15;0.80;0.50;0.04;Naive Bayes;no feature selection;Undersampling;31.00;489.00;241.00;0.00;0.06;1.00;0.67;0.04
SYNCOPE;16;0.85;0.50;0.03;Naive Bayes;no feature selection;Undersampling;13.00;116.00;430.00;1.00;0.10;0.93;0.89;0.14
SYNCOPE;17;0.81;0.50;0.64;Naive Bayes;no feature selection;Undersampling;61.00;5.00;267.00;430.00;0.92;0.12;0.59;0.08
SYNCOPE;18;0.84;0.50;0.62;Naive Bayes;no feature selection;Undersampling;435.00;94.00;199.00;35.00;0.82;0.93;0.93;0.63
SYNCOPE;19;0.85;0.50;0.81;Naive Bayes;no feature selection;Undersampling;635.00;2.00;167.00;69.00;1.00;0.90;0.99;0.77
SYNCOPE;20;0.88;0.50;0.82;Naive Bayes;no feature selection;Undersampling;351.00;0.00;165.00;377.00;1.00;0.48;0.99;0.26
SYNCOPE;21;0.90;0.50;0.13;Naive Bayes;no feature selection;Undersampling;88.00;639.00;142.00;30.00;0.12;0.75;0.51;-0.02
SYNCOPE;22;0.90;0.50;1.00;Naive Bayes;no feature selection;Undersampling;237.00;0.00;0.00;663.00;1.00;0.26;0.00;0.00
SYNCOPE;23;0.92;0.50;0.99;Naive Bayes;no feature selection;Undersampling;887.00;1.00;12.00;2.00;1.00;1.00;1.00;0.89
SYNCOPE;24;0.93;0.50;0.99;Naive Bayes;no feature selection;Undersampling;891.00;0.00;5.00;8.00;1.00;0.99;0.99;0.55
SYNCOPE;25;0.94;0.50;1.00;Naive Bayes;no feature selection;Undersampling;906.00;0.00;4.00;1.00;1.00;1.00;1.00;0.89
SYNCOPE;26;0.94;0.50;0.03;Naive Bayes;no feature selection;Undersampling;23.00;889.00;0.00;0.00;0.03;1.00;0.44;0.00
SYNCOPE;27;0.91;0.50;0.01;Naive Bayes;no feature selection;Undersampling;11.00;1349.00;77.00;1.00;0.01;0.92;0.45;-0.00
SYNCOPE;28;0.94;0.50;0.00;Naive Bayes;no feature selection;Undersampling;0.00;16.00;898.00;0.00;0.00;0.00;0.00;0.00
SYNCOPE;29;0.91;0.50;0.00;Naive Bayes;no feature selection;Undersampling;0.00;187.00;1383.00;7.00;0.00;0.00;0.00;0.00
SYNCOPE;30;0.94;0.50;0.00;Naive Bayes;no feature selection;Undersampling;0.00;6.00;909.00;0.00;0.00;0.00;0.00;0.00
SYNCOPE;31;0.90;0.50;0.01;Naive Bayes;no feature selection;Undersampling;0.00;5.00;1653.00;24.00;0.00;0.00;0.00;0.00
MEAN;;;;;;;;176.58;171.13;399.84;73.58;0.40;0.58;0.61;0.21
;
SYNCOPE;1;0.50;0.00;0.00;Naive Bayes;no feature selection;smote;0.00;0.00;548.00;1.00;0.00;0.00;0.00;0.00
SYNCOPE;2;0.67;0.00;0.00;Naive Bayes;no feature selection;smote;0.00;0.00;548.00;1.00;0.00;0.00;0.00;0.00
SYNCOPE;3;0.75;0.00;0.00;Naive Bayes;no feature selection;smote;0.00;0.00;549.00;1.00;0.00;0.00;0.00;0.00
SYNCOPE;4;0.80;0.00;0.01;Naive Bayes;no feature selection;smote;2.00;5.00;541.00;2.00;0.29;0.50;0.92;0.36
SYNCOPE;5;0.83;0.00;0.13;Naive Bayes;no feature selection;smote;71.00;478.00;3.00;0.00;0.13;1.00;0.52;0.00
SYNCOPE;6;0.86;0.02;0.07;Naive Bayes;no feature selection;smote;38.00;339.00;182.00;0.00;0.10;1.00;0.79;0.07
SYNCOPE;7;0.87;0.03;0.07;Naive Bayes;no feature selection;smote;33.00;97.00;424.00;5.00;0.25;0.87;0.90;0.32
SYNCOPE;8;0.86;0.04;0.04;Naive Bayes;no feature selection;smote;7.00;38.00;670.00;20.00;0.16;0.26;0.68;0.16
SYNCOPE;9;0.90;0.04;0.04;Naive Bayes;no feature selection;smote;9.00;22.00;511.00;16.00;0.29;0.36;0.88;0.29
SYNCOPE;10;0.89;0.04;0.04;Naive Bayes;no feature selection;smote;8.00;26.00;680.00;22.00;0.24;0.27;0.75;0.22
SYNCOPE;11;0.90;0.04;0.04;Naive Bayes;no feature selection;smote;1.00;1.00;711.00;26.00;0.50;0.04;0.63;0.06
SYNCOPE;12;0.91;0.04;0.45;Naive Bayes;no feature selection;smote;3.00;0.00;408.00;332.00;1.00;0.01;0.56;0.01
SYNCOPE;13;0.91;0.08;0.60;Naive Bayes;no feature selection;smote;278.00;6.00;291.00;173.00;0.98;0.62;0.82;0.54
SYNCOPE;14;0.92;0.12;0.64;Naive Bayes;no feature selection;smote;429.00;42.00;230.00;60.00;0.91;0.88;0.88;0.71
SYNCOPE;15;0.93;0.16;0.04;Naive Bayes;no feature selection;smote;31.00;489.00;241.00;0.00;0.06;1.00;0.67;0.04
SYNCOPE;16;0.95;0.15;0.03;Naive Bayes;no feature selection;smote;12.00;98.00;448.00;2.00;0.11;0.86;0.89;0.16
SYNCOPE;17;0.93;0.15;0.64;Naive Bayes;no feature selection;smote;39.00;2.00;270.00;452.00;0.95;0.08;0.59;0.05
SYNCOPE;18;0.94;0.18;0.62;Naive Bayes;no feature selection;smote;426.00;93.00;200.00;44.00;0.82;0.91;0.93;0.61
SYNCOPE;19;0.93;0.21;0.81;Naive Bayes;no feature selection;smote;509.00;2.00;167.00;195.00;1.00;0.72;0.99;0.50
SYNCOPE;20;0.94;0.25;0.82;Naive Bayes;no feature selection;smote;348.00;0.00;165.00;380.00;1.00;0.48;0.99;0.25
SYNCOPE;21;0.94;0.28;0.13;Naive Bayes;no feature selection;smote;88.00;639.00;142.00;30.00;0.12;0.75;0.51;-0.02
SYNCOPE;22;0.94;0.27;1.00;Naive Bayes;no feature selection;smote;222.00;0.00;0.00;678.00;1.00;0.25;0.00;0.00
SYNCOPE;23;0.95;0.32;0.99;Naive Bayes;no feature selection;smote;887.00;0.00;13.00;2.00;1.00;1.00;1.00;0.93
SYNCOPE;24;0.95;0.35;0.99;Naive Bayes;no feature selection;smote;891.00;0.00;5.00;8.00;1.00;0.99;0.99;0.55
SYNCOPE;25;0.95;0.38;1.00;Naive Bayes;no feature selection;smote;906.00;0.00;4.00;1.00;1.00;1.00;1.00;0.89
SYNCOPE;26;0.95;0.41;0.03;Naive Bayes;no feature selection;smote;23.00;889.00;0.00;0.00;0.03;1.00;0.44;0.00
SYNCOPE;27;0.93;0.40;0.01;Naive Bayes;no feature selection;smote;11.00;1326.00;100.00;1.00;0.01;0.92;0.45;-0.00
SYNCOPE;28;0.96;0.37;0.00;Naive Bayes;no feature selection;smote;0.00;12.00;902.00;0.00;0.00;0.00;0.00;0.00
SYNCOPE;29;0.93;0.35;0.00;Naive Bayes;no feature selection;smote;0.00;186.00;1384.00;7.00;0.00;0.00;0.00;0.00
SYNCOPE;30;0.96;0.33;0.00;Naive Bayes;no feature selection;smote;0.00;5.00;910.00;0.00;0.00;0.00;0.00;0.00
SYNCOPE;31;0.94;0.32;0.01;Naive Bayes;no feature selection;smote;0.00;4.00;1654.00;24.00;0.00;0.00;0.00;0.00
MEAN;;;;;;;;170.06;154.81;416.16;80.10;0.42;0.51;0.57;0.22
;
SYNCOPE;1;0.50;0.00;0.00;Naive Bayes;Best First;no resample;0.00;0.00;548.00;1.00;0.00;0.00;0.00;0.00
SYNCOPE;2;0.67;0.00;0.00;Naive Bayes;Best First;no resample;0.00;0.00;548.00;1.00;0.00;0.00;0.00;0.00
SYNCOPE;3;0.75;0.00;0.00;Naive Bayes;Best First;no resample;0.00;0.00;549.00;1.00;0.00;0.00;0.00;0.00
SYNCOPE;4;0.80;0.00;0.01;Naive Bayes;Best First;no resample;0.00;0.00;546.00;4.00;0.00;0.00;0.00;0.00
SYNCOPE;5;0.83;0.00;0.13;Naive Bayes;Best First;no resample;5.00;4.00;477.00;66.00;0.56;0.07;0.60;0.10
SYNCOPE;6;0.86;0.02;0.07;Naive Bayes;Best First;no resample;38.00;335.00;186.00;0.00;0.10;1.00;0.91;0.07
SYNCOPE;7;0.87;0.03;0.07;Naive Bayes;Best First;no resample;13.00;8.00;513.00;25.00;0.62;0.34;0.82;0.41
SYNCOPE;8;0.86;0.04;0.04;Naive Bayes;Best First;no resample;6.00;21.00;687.00;21.00;0.22;0.22;0.75;0.19
SYNCOPE;9;0.90;0.04;0.04;Naive Bayes;Best First;no resample;4.00;13.00;520.00;21.00;0.24;0.16;0.75;0.16
SYNCOPE;10;0.89;0.04;0.04;Naive Bayes;Best First;no resample;8.00;31.00;675.00;22.00;0.21;0.27;0.78;0.19
SYNCOPE;11;0.90;0.04;0.04;Naive Bayes;Best First;no resample;1.00;11.00;701.00;26.00;0.08;0.04;0.51;0.03
SYNCOPE;12;0.91;0.04;0.45;Naive Bayes;Best First;no resample;0.00;0.00;408.00;335.00;0.00;0.00;0.00;0.00
SYNCOPE;13;0.91;0.08;0.60;Naive Bayes;Best First;no resample;270.00;10.00;287.00;181.00;0.96;0.60;0.76;0.51
SYNCOPE;14;0.92;0.12;0.64;Naive Bayes;Best First;no resample;487.00;264.00;8.00;2.00;0.65;1.00;0.92;0.03
SYNCOPE;15;0.93;0.16;0.04;Naive Bayes;Best First;no resample;31.00;720.00;10.00;0.00;0.04;1.00;0.69;0.00
SYNCOPE;16;0.95;0.15;0.03;Naive Bayes;Best First;no resample;2.00;21.00;525.00;12.00;0.09;0.14;0.80;0.08
SYNCOPE;17;0.93;0.15;0.64;Naive Bayes;Best First;no resample;25.00;2.00;270.00;466.00;0.93;0.05;0.58;0.03
SYNCOPE;18;0.94;0.18;0.62;Naive Bayes;Best First;no resample;63.00;5.00;288.00;407.00;0.93;0.13;0.87;0.09
SYNCOPE;19;0.93;0.21;0.81;Naive Bayes;Best First;no resample;54.00;1.00;168.00;650.00;0.98;0.08;0.96;0.03
SYNCOPE;20;0.94;0.25;0.82;Naive Bayes;Best First;no resample;62.00;1.00;164.00;666.00;0.98;0.09;0.99;0.03
SYNCOPE;21;0.94;0.28;0.13;Naive Bayes;Best First;no resample;24.00;54.00;727.00;94.00;0.31;0.20;0.57;0.16
SYNCOPE;22;0.94;0.27;1.00;Naive Bayes;Best First;no resample;69.00;0.00;0.00;831.00;1.00;0.08;0.00;0.00
SYNCOPE;23;0.95;0.32;0.99;Naive Bayes;Best First;no resample;889.00;13.00;0.00;0.00;0.99;1.00;1.00;0.00
SYNCOPE;24;0.95;0.35;0.99;Naive Bayes;Best First;no resample;891.00;0.00;5.00;8.00;1.00;0.99;1.00;0.55
SYNCOPE;25;0.95;0.38;1.00;Naive Bayes;Best First;no resample;906.00;0.00;4.00;1.00;1.00;1.00;1.00;0.89
SYNCOPE;26;0.95;0.41;0.03;Naive Bayes;Best First;no resample;23.00;889.00;0.00;0.00;0.03;1.00;0.44;0.00
SYNCOPE;27;0.93;0.40;0.01;Naive Bayes;Best First;no resample;12.00;1376.00;50.00;0.00;0.01;1.00;0.49;0.00
SYNCOPE;28;0.96;0.37;0.00;Naive Bayes;Best First;no resample;0.00;0.00;914.00;0.00;1.00;1.00;0.00;0.00
SYNCOPE;29;0.93;0.35;0.00;Naive Bayes;Best First;no resample;0.00;0.00;1570.00;7.00;0.00;0.00;0.00;0.00
SYNCOPE;30;0.96;0.33;0.00;Naive Bayes;Best First;no resample;0.00;0.00;915.00;0.00;1.00;1.00;0.00;0.00
SYNCOPE;31;0.94;0.32;0.01;Naive Bayes;Best First;no resample;0.00;0.00;1658.00;24.00;0.00;0.00;0.00;0.00
MEAN;;;;;;;;125.26;121.90;449.06;124.90;0.45;0.40;0.52;0.12
;
SYNCOPE;1;0.67;0.50;0.00;Naive Bayes;Best First;Oversampling;0.00;0.00;548.00;1.00;0.00;0.00;0.00;0.00
SYNCOPE;2;0.80;0.50;0.00;Naive Bayes;Best First;Oversampling;1.00;7.00;541.00;0.00;0.13;1.00;0.99;0.22
SYNCOPE;3;0.86;0.50;0.00;Naive Bayes;Best First;Oversampling;1.00;7.00;542.00;0.00;0.13;1.00;0.99;0.22
SYNCOPE;4;0.89;0.50;0.01;Naive Bayes;Best First;Oversampling;3.00;5.00;541.00;1.00;0.38;0.75;0.94;0.50
SYNCOPE;5;0.91;0.50;0.13;Naive Bayes;Best First;Oversampling;14.00;20.00;461.00;57.00;0.41;0.20;0.61;0.20
SYNCOPE;6;0.92;0.50;0.07;Naive Bayes;Best First;Oversampling;38.00;335.00;186.00;0.00;0.10;1.00;0.83;0.07
SYNCOPE;7;0.93;0.50;0.07;Naive Bayes;Best First;Oversampling;38.00;332.00;189.00;0.00;0.10;1.00;0.90;0.07
SYNCOPE;8;0.92;0.50;0.04;Naive Bayes;Best First;Oversampling;5.00;14.00;694.00;22.00;0.26;0.19;0.74;0.19
SYNCOPE;9;0.95;0.50;0.04;Naive Bayes;Best First;Oversampling;9.00;25.00;508.00;16.00;0.26;0.36;0.80;0.27
SYNCOPE;10;0.94;0.50;0.04;Naive Bayes;Best First;Oversampling;11.00;42.00;664.00;19.00;0.21;0.37;0.78;0.22
SYNCOPE;11;0.94;0.50;0.04;Naive Bayes;Best First;Oversampling;2.00;2.00;710.00;25.00;0.50;0.07;0.65;0.12
SYNCOPE;12;0.95;0.50;0.45;Naive Bayes;Best First;Oversampling;20.00;2.00;406.00;315.00;0.91;0.06;0.56;0.06
SYNCOPE;13;0.95;0.50;0.60;Naive Bayes;Best First;Oversampling;423.00;288.00;9.00;28.00;0.59;0.94;0.54;-0.04
SYNCOPE;14;0.95;0.50;0.64;Naive Bayes;Best First;Oversampling;487.00;267.00;5.00;2.00;0.65;1.00;0.92;0.02
SYNCOPE;15;0.95;0.50;0.04;Naive Bayes;Best First;Oversampling;31.00;723.00;7.00;0.00;0.04;1.00;0.69;0.00
SYNCOPE;16;0.97;0.50;0.03;Naive Bayes;Best First;Oversampling;13.00;379.00;167.00;1.00;0.03;0.93;0.81;0.02
SYNCOPE;17;0.96;0.50;0.64;Naive Bayes;Best First;Oversampling;56.00;3.00;269.00;435.00;0.95;0.11;0.57;0.08
SYNCOPE;18;0.96;0.50;0.62;Naive Bayes;Best First;Oversampling;446.00;172.00;121.00;24.00;0.72;0.95;0.81;0.40
SYNCOPE;19;0.96;0.50;0.81;Naive Bayes;Best First;Oversampling;671.00;102.00;67.00;33.00;0.87;0.95;0.84;0.41
SYNCOPE;20;0.96;0.50;0.82;Naive Bayes;Best First;Oversampling;5.00;0.00;165.00;723.00;1.00;0.01;1.00;0.00
SYNCOPE;21;0.96;0.50;0.13;Naive Bayes;Best First;Oversampling;89.00;645.00;136.00;29.00;0.12;0.75;0.47;-0.02
SYNCOPE;22;0.96;0.50;1.00;Naive Bayes;Best First;Oversampling;764.00;0.00;0.00;136.00;1.00;0.85;0.00;0.00
SYNCOPE;23;0.96;0.50;0.99;Naive Bayes;Best First;Oversampling;889.00;13.00;0.00;0.00;0.99;1.00;1.00;0.00
SYNCOPE;24;0.96;0.50;0.99;Naive Bayes;Best First;Oversampling;891.00;0.00;5.00;8.00;1.00;0.99;1.00;0.55
SYNCOPE;25;0.96;0.50;1.00;Naive Bayes;Best First;Oversampling;906.00;0.00;4.00;1.00;1.00;1.00;1.00;0.89
SYNCOPE;26;0.96;0.50;0.03;Naive Bayes;Best First;Oversampling;23.00;889.00;0.00;0.00;0.03;1.00;0.44;0.00
SYNCOPE;27;0.94;0.50;0.01;Naive Bayes;Best First;Oversampling;12.00;1376.00;50.00;0.00;0.01;1.00;0.54;0.00
SYNCOPE;28;0.97;0.50;0.00;Naive Bayes;Best First;Oversampling;0.00;0.00;914.00;0.00;1.00;1.00;0.00;0.00
SYNCOPE;29;0.95;0.50;0.00;Naive Bayes;Best First;Oversampling;0.00;0.00;1570.00;7.00;0.00;0.00;0.00;0.00
SYNCOPE;30;0.97;0.50;0.00;Naive Bayes;Best First;Oversampling;0.00;0.00;915.00;0.00;1.00;1.00;0.00;0.00
SYNCOPE;31;0.95;0.50;0.01;Naive Bayes;Best First;Oversampling;0.00;0.00;1658.00;24.00;0.00;0.00;0.00;0.00
MEAN;;;;;;;;188.65;182.19;388.77;61.52;0.46;0.66;0.63;0.14
;
SYNCOPE;1;0.00;0.50;0.00;Naive Bayes;Best First;Undersampling;0.00;30.00;518.00;1.00;0.00;0.00;0.00;0.00
SYNCOPE;2;0.01;0.50;0.00;Naive Bayes;Best First;Undersampling;1.00;94.00;454.00;0.00;0.01;1.00;0.94;0.02
SYNCOPE;3;0.01;0.50;0.00;Naive Bayes;Best First;Undersampling;1.00;67.00;482.00;0.00;0.01;1.00;0.92;0.03
SYNCOPE;4;0.01;0.50;0.01;Naive Bayes;Best First;Undersampling;3.00;73.00;473.00;1.00;0.04;0.75;0.93;0.06
SYNCOPE;5;0.03;0.50;0.13;Naive Bayes;Best First;Undersampling;23.00;44.00;437.00;48.00;0.34;0.32;0.74;0.24
SYNCOPE;6;0.22;0.50;0.07;Naive Bayes;Best First;Undersampling;38.00;334.00;187.00;0.00;0.10;1.00;0.86;0.07
SYNCOPE;7;0.30;0.50;0.07;Naive Bayes;Best First;Undersampling;38.00;362.00;159.00;0.00;0.10;1.00;0.85;0.06
SYNCOPE;8;0.30;0.50;0.04;Naive Bayes;Best First;Undersampling;8.00;32.00;676.00;19.00;0.20;0.30;0.67;0.20
SYNCOPE;9;0.39;0.50;0.04;Naive Bayes;Best First;Undersampling;12.00;41.00;492.00;13.00;0.23;0.48;0.78;0.26
SYNCOPE;10;0.36;0.50;0.04;Naive Bayes;Best First;Undersampling;14.00;43.00;663.00;16.00;0.25;0.47;0.79;0.28
SYNCOPE;11;0.39;0.50;0.04;Naive Bayes;Best First;Undersampling;1.00;2.00;710.00;26.00;0.33;0.04;0.68;0.06
SYNCOPE;12;0.42;0.50;0.45;Naive Bayes;Best First;Undersampling;13.00;0.00;408.00;322.00;1.00;0.04;0.56;0.04
SYNCOPE;13;0.62;0.50;0.60;Naive Bayes;Best First;Undersampling;423.00;291.00;6.00;28.00;0.59;0.94;0.55;-0.05
SYNCOPE;14;0.73;0.50;0.64;Naive Bayes;Best First;Undersampling;487.00;267.00;5.00;2.00;0.65;1.00;0.92;0.02
SYNCOPE;15;0.80;0.50;0.04;Naive Bayes;Best First;Undersampling;31.00;723.00;7.00;0.00;0.04;1.00;0.69;0.00
SYNCOPE;16;0.85;0.50;0.03;Naive Bayes;Best First;Undersampling;13.00;378.00;168.00;1.00;0.03;0.93;0.81;0.02
SYNCOPE;17;0.81;0.50;0.64;Naive Bayes;Best First;Undersampling;53.00;3.00;269.00;438.00;0.95;0.11;0.57;0.07
SYNCOPE;18;0.84;0.50;0.62;Naive Bayes;Best First;Undersampling;436.00;126.00;167.00;34.00;0.78;0.93;0.81;0.53
SYNCOPE;19;0.85;0.50;0.81;Naive Bayes;Best First;Undersampling;562.00;4.00;165.00;142.00;0.99;0.80;0.97;0.59
SYNCOPE;20;0.88;0.50;0.82;Naive Bayes;Best First;Undersampling;59.00;0.00;165.00;669.00;1.00;0.08;1.00;0.03
SYNCOPE;21;0.90;0.50;0.13;Naive Bayes;Best First;Undersampling;89.00;645.00;136.00;29.00;0.12;0.75;0.57;-0.02
SYNCOPE;22;0.90;0.50;1.00;Naive Bayes;Best First;Undersampling;129.00;0.00;0.00;771.00;1.00;0.14;0.00;0.00
SYNCOPE;23;0.92;0.50;0.99;Naive Bayes;Best First;Undersampling;889.00;13.00;0.00;0.00;0.99;1.00;1.00;0.00
SYNCOPE;24;0.93;0.50;0.99;Naive Bayes;Best First;Undersampling;891.00;0.00;5.00;8.00;1.00;0.99;1.00;0.55
SYNCOPE;25;0.94;0.50;1.00;Naive Bayes;Best First;Undersampling;906.00;0.00;4.00;1.00;1.00;1.00;1.00;0.89
SYNCOPE;26;0.94;0.50;0.03;Naive Bayes;Best First;Undersampling;23.00;889.00;0.00;0.00;0.03;1.00;0.44;0.00
SYNCOPE;27;0.91;0.50;0.01;Naive Bayes;Best First;Undersampling;12.00;1376.00;50.00;0.00;0.01;1.00;0.54;0.00
SYNCOPE;28;0.94;0.50;0.00;Naive Bayes;Best First;Undersampling;0.00;0.00;914.00;0.00;1.00;1.00;0.00;0.00
SYNCOPE;29;0.91;0.50;0.00;Naive Bayes;Best First;Undersampling;0.00;0.00;1570.00;7.00;0.00;0.00;0.00;0.00
SYNCOPE;30;0.94;0.50;0.00;Naive Bayes;Best First;Undersampling;0.00;0.00;915.00;0.00;1.00;1.00;0.00;0.00
SYNCOPE;31;0.90;0.50;0.01;Naive Bayes;Best First;Undersampling;0.00;0.00;1658.00;24.00;0.00;0.00;0.00;0.00
MEAN;;;;;;;;166.29;188.29;382.68;83.87;0.44;0.65;0.63;0.13
;
SYNCOPE;1;0.50;0.00;0.00;Naive Bayes;Best First;smote;0.00;0.00;548.00;1.00;0.00;0.00;0.00;0.00
SYNCOPE;2;0.67;0.00;0.00;Naive Bayes;Best First;smote;0.00;0.00;548.00;1.00;0.00;0.00;0.00;0.00
SYNCOPE;3;0.75;0.00;0.00;Naive Bayes;Best First;smote;0.00;0.00;549.00;1.00;0.00;0.00;0.00;0.00
SYNCOPE;4;0.80;0.00;0.01;Naive Bayes;Best First;smote;0.00;0.00;546.00;4.00;0.00;0.00;0.00;0.00
SYNCOPE;5;0.83;0.00;0.13;Naive Bayes;Best First;smote;5.00;4.00;477.00;66.00;0.56;0.07;0.60;0.10
SYNCOPE;6;0.86;0.02;0.07;Naive Bayes;Best First;smote;38.00;335.00;186.00;0.00;0.10;1.00;0.91;0.07
SYNCOPE;7;0.87;0.03;0.07;Naive Bayes;Best First;smote;13.00;8.00;513.00;25.00;0.62;0.34;0.82;0.41
SYNCOPE;8;0.86;0.04;0.04;Naive Bayes;Best First;smote;6.00;21.00;687.00;21.00;0.22;0.22;0.75;0.19
SYNCOPE;9;0.90;0.04;0.04;Naive Bayes;Best First;smote;4.00;13.00;520.00;21.00;0.24;0.16;0.75;0.16
SYNCOPE;10;0.89;0.04;0.04;Naive Bayes;Best First;smote;8.00;31.00;675.00;22.00;0.21;0.27;0.78;0.19
SYNCOPE;11;0.90;0.04;0.04;Naive Bayes;Best First;smote;1.00;11.00;701.00;26.00;0.08;0.04;0.51;0.03
SYNCOPE;12;0.91;0.04;0.45;Naive Bayes;Best First;smote;0.00;0.00;408.00;335.00;0.00;0.00;0.00;0.00
SYNCOPE;13;0.91;0.08;0.60;Naive Bayes;Best First;smote;270.00;10.00;287.00;181.00;0.96;0.60;0.76;0.51
SYNCOPE;14;0.92;0.12;0.64;Naive Bayes;Best First;smote;487.00;264.00;8.00;2.00;0.65;1.00;0.92;0.03
SYNCOPE;15;0.93;0.16;0.04;Naive Bayes;Best First;smote;31.00;720.00;10.00;0.00;0.04;1.00;0.69;0.00
SYNCOPE;16;0.95;0.15;0.03;Naive Bayes;Best First;smote;2.00;21.00;525.00;12.00;0.09;0.14;0.80;0.08
SYNCOPE;17;0.93;0.15;0.64;Naive Bayes;Best First;smote;25.00;2.00;270.00;466.00;0.93;0.05;0.58;0.03
SYNCOPE;18;0.94;0.18;0.62;Naive Bayes;Best First;smote;63.00;5.00;288.00;407.00;0.93;0.13;0.87;0.09
SYNCOPE;19;0.93;0.21;0.81;Naive Bayes;Best First;smote;54.00;1.00;168.00;650.00;0.98;0.08;0.96;0.03
SYNCOPE;20;0.94;0.25;0.82;Naive Bayes;Best First;smote;62.00;1.00;164.00;666.00;0.98;0.09;0.99;0.03
SYNCOPE;21;0.94;0.28;0.13;Naive Bayes;Best First;smote;24.00;54.00;727.00;94.00;0.31;0.20;0.57;0.16
SYNCOPE;22;0.94;0.27;1.00;Naive Bayes;Best First;smote;69.00;0.00;0.00;831.00;1.00;0.08;0.00;0.00
SYNCOPE;23;0.95;0.32;0.99;Naive Bayes;Best First;smote;889.00;13.00;0.00;0.00;0.99;1.00;1.00;0.00
SYNCOPE;24;0.95;0.35;0.99;Naive Bayes;Best First;smote;891.00;0.00;5.00;8.00;1.00;0.99;1.00;0.55
SYNCOPE;25;0.95;0.38;1.00;Naive Bayes;Best First;smote;906.00;0.00;4.00;1.00;1.00;1.00;1.00;0.89
SYNCOPE;26;0.95;0.41;0.03;Naive Bayes;Best First;smote;23.00;889.00;0.00;0.00;0.03;1.00;0.44;0.00
SYNCOPE;27;0.93;0.40;0.01;Naive Bayes;Best First;smote;12.00;1376.00;50.00;0.00;0.01;1.00;0.49;0.00
SYNCOPE;28;0.96;0.37;0.00;Naive Bayes;Best First;smote;0.00;0.00;914.00;0.00;1.00;1.00;0.00;0.00
SYNCOPE;29;0.93;0.35;0.00;Naive Bayes;Best First;smote;0.00;0.00;1570.00;7.00;0.00;0.00;0.00;0.00
SYNCOPE;30;0.96;0.33;0.00;Naive Bayes;Best First;smote;0.00;0.00;915.00;0.00;1.00;1.00;0.00;0.00
SYNCOPE;31;0.94;0.32;0.01;Naive Bayes;Best First;smote;0.00;0.00;1658.00;24.00;0.00;0.00;0.00;0.00
MEAN;;;;;;;;125.26;121.90;449.06;124.90;0.45;0.40;0.52;0.12
;
SYNCOPE;1;0.50;0.00;0.00;IBk;no feature selection;no resample;0.00;0.00;548.00;1.00;0.00;0.00;0.00;0.00
SYNCOPE;2;0.67;0.00;0.00;IBk;no feature selection;no resample;1.00;0.00;548.00;0.00;1.00;1.00;1.00;1.00
SYNCOPE;3;0.75;0.00;0.00;IBk;no feature selection;no resample;1.00;1.00;548.00;0.00;0.50;1.00;1.00;0.67
SYNCOPE;4;0.80;0.00;0.01;IBk;no feature selection;no resample;0.00;0.00;546.00;4.00;0.00;0.00;0.00;0.00
SYNCOPE;5;0.83;0.00;0.13;IBk;no feature selection;no resample;1.00;2.00;479.00;70.00;0.33;0.01;0.62;0.02
SYNCOPE;6;0.86;0.02;0.07;IBk;no feature selection;no resample;5.00;40.00;481.00;33.00;0.11;0.13;0.64;0.05
SYNCOPE;7;0.87;0.03;0.07;IBk;no feature selection;no resample;2.00;8.00;513.00;36.00;0.20;0.05;0.67;0.06
SYNCOPE;8;0.86;0.04;0.04;IBk;no feature selection;no resample;0.00;0.00;708.00;27.00;0.00;0.00;0.00;0.00
SYNCOPE;9;0.90;0.04;0.04;IBk;no feature selection;no resample;1.00;3.00;530.00;24.00;0.25;0.04;0.55;0.06
SYNCOPE;10;0.89;0.04;0.04;IBk;no feature selection;no resample;6.00;18.00;688.00;24.00;0.25;0.20;0.65;0.19
SYNCOPE;11;0.90;0.04;0.04;IBk;no feature selection;no resample;2.00;0.00;712.00;25.00;1.00;0.07;0.64;0.13
SYNCOPE;12;0.91;0.04;0.45;IBk;no feature selection;no resample;2.00;0.00;408.00;333.00;1.00;0.01;0.54;0.01
SYNCOPE;13;0.91;0.08;0.60;IBk;no feature selection;no resample;220.00;4.00;293.00;231.00;0.98;0.49;0.74;0.42
SYNCOPE;14;0.92;0.12;0.64;IBk;no feature selection;no resample;425.00;41.00;231.00;64.00;0.91;0.87;0.86;0.71
SYNCOPE;15;0.93;0.16;0.04;IBk;no feature selection;no resample;31.00;456.00;274.00;0.00;0.06;1.00;0.69;0.05
SYNCOPE;16;0.95;0.15;0.03;IBk;no feature selection;no resample;0.00;6.00;540.00;14.00;0.00;0.00;0.00;0.00
SYNCOPE;17;0.93;0.15;0.64;IBk;no feature selection;no resample;1.00;0.00;272.00;490.00;1.00;0.00;0.61;0.00
SYNCOPE;18;0.94;0.18;0.62;IBk;no feature selection;no resample;21.00;12.00;281.00;449.00;0.64;0.04;0.61;0.00
SYNCOPE;19;0.93;0.21;0.81;IBk;no feature selection;no resample;619.00;3.00;166.00;85.00;1.00;0.88;0.96;0.73
SYNCOPE;20;0.94;0.25;0.82;IBk;no feature selection;no resample;701.00;14.00;151.00;27.00;0.98;0.96;0.94;0.85
SYNCOPE;21;0.94;0.28;0.13;IBk;no feature selection;no resample;90.00;647.00;134.00;28.00;0.12;0.76;0.43;-0.02
SYNCOPE;22;0.94;0.27;1.00;IBk;no feature selection;no resample;316.00;0.00;0.00;584.00;1.00;0.35;0.00;0.00
SYNCOPE;23;0.95;0.32;0.99;IBk;no feature selection;no resample;887.00;13.00;0.00;2.00;0.99;1.00;0.27;-0.00
SYNCOPE;24;0.95;0.35;0.99;IBk;no feature selection;no resample;890.00;0.00;5.00;9.00;1.00;0.99;1.00;0.52
SYNCOPE;25;0.95;0.38;1.00;IBk;no feature selection;no resample;906.00;1.00;3.00;1.00;1.00;1.00;0.88;0.75
SYNCOPE;26;0.95;0.41;0.03;IBk;no feature selection;no resample;23.00;889.00;0.00;0.00;0.03;1.00;0.45;0.00
SYNCOPE;27;0.93;0.40;0.01;IBk;no feature selection;no resample;2.00;240.00;1186.00;10.00;0.01;0.17;0.50;-0.00
SYNCOPE;28;0.96;0.37;0.00;IBk;no feature selection;no resample;0.00;0.00;914.00;0.00;1.00;1.00;0.00;0.00
SYNCOPE;29;0.93;0.35;0.00;IBk;no feature selection;no resample;0.00;15.00;1555.00;7.00;0.00;0.00;0.00;0.00
SYNCOPE;30;0.96;0.33;0.00;IBk;no feature selection;no resample;0.00;2.00;913.00;0.00;0.00;0.00;0.00;0.00
SYNCOPE;31;0.94;0.32;0.01;IBk;no feature selection;no resample;0.00;0.00;1658.00;24.00;0.00;0.00;0.00;0.00
MEAN;;;;;;;;166.23;77.90;493.06;83.94;0.50;0.42;0.49;0.20
;
SYNCOPE;1;0.67;0.50;0.00;IBk;no feature selection;Oversampling;0.00;0.00;548.00;1.00;0.00;0.00;0.00;0.00
SYNCOPE;2;0.80;0.50;0.00;IBk;no feature selection;Oversampling;1.00;0.00;548.00;0.00;1.00;1.00;1.00;1.00
SYNCOPE;3;0.86;0.50;0.00;IBk;no feature selection;Oversampling;1.00;1.00;548.00;0.00;0.50;1.00;1.00;0.67
SYNCOPE;4;0.89;0.50;0.01;IBk;no feature selection;Oversampling;0.00;0.00;546.00;4.00;0.00;0.00;0.00;0.00
SYNCOPE;5;0.91;0.50;0.13;IBk;no feature selection;Oversampling;1.00;5.00;476.00;70.00;0.17;0.01;0.58;0.01
SYNCOPE;6;0.92;0.50;0.07;IBk;no feature selection;Oversampling;6.00;52.00;469.00;32.00;0.10;0.16;0.70;0.05
SYNCOPE;7;0.93;0.50;0.07;IBk;no feature selection;Oversampling;6.00;11.00;510.00;32.00;0.35;0.16;0.68;0.18
SYNCOPE;8;0.92;0.50;0.04;IBk;no feature selection;Oversampling;2.00;0.00;708.00;25.00;1.00;0.07;0.57;0.13
SYNCOPE;9;0.95;0.50;0.04;IBk;no feature selection;Oversampling;1.00;3.00;530.00;24.00;0.25;0.04;0.52;0.06
SYNCOPE;10;0.94;0.50;0.04;IBk;no feature selection;Oversampling;7.00;26.00;680.00;23.00;0.21;0.23;0.65;0.19
SYNCOPE;11;0.94;0.50;0.04;IBk;no feature selection;Oversampling;2.00;0.00;712.00;25.00;1.00;0.07;0.66;0.13
SYNCOPE;12;0.95;0.50;0.45;IBk;no feature selection;Oversampling;2.00;1.00;407.00;333.00;0.67;0.01;0.56;0.00
SYNCOPE;13;0.95;0.50;0.60;IBk;no feature selection;Oversampling;223.00;6.00;291.00;228.00;0.97;0.49;0.78;0.42
SYNCOPE;14;0.95;0.50;0.64;IBk;no feature selection;Oversampling;426.00;46.00;226.00;63.00;0.90;0.87;0.86;0.69
SYNCOPE;15;0.95;0.50;0.04;IBk;no feature selection;Oversampling;31.00;458.00;272.00;0.00;0.06;1.00;0.59;0.05
SYNCOPE;16;0.97;0.50;0.03;IBk;no feature selection;Oversampling;0.00;18.00;528.00;14.00;0.00;0.00;0.00;0.00
SYNCOPE;17;0.96;0.50;0.64;IBk;no feature selection;Oversampling;1.00;0.00;272.00;490.00;1.00;0.00;0.56;0.00
SYNCOPE;18;0.96;0.50;0.62;IBk;no feature selection;Oversampling;30.00;19.00;274.00;440.00;0.61;0.06;0.60;-0.00
SYNCOPE;19;0.96;0.50;0.81;IBk;no feature selection;Oversampling;624.00;10.00;159.00;80.00;0.98;0.89;0.96;0.71
SYNCOPE;20;0.96;0.50;0.82;IBk;no feature selection;Oversampling;702.00;31.00;134.00;26.00;0.96;0.96;0.92;0.79
SYNCOPE;21;0.96;0.50;0.13;IBk;no feature selection;Oversampling;91.00;654.00;127.00;27.00;0.12;0.77;0.43;-0.02
SYNCOPE;22;0.96;0.50;1.00;IBk;no feature selection;Oversampling;391.00;0.00;0.00;509.00;1.00;0.43;0.00;0.00
SYNCOPE;23;0.96;0.50;0.99;IBk;no feature selection;Oversampling;858.00;13.00;0.00;31.00;0.99;0.97;0.32;-0.02
SYNCOPE;24;0.96;0.50;0.99;IBk;no feature selection;Oversampling;890.00;0.00;5.00;9.00;1.00;0.99;1.00;0.52
SYNCOPE;25;0.96;0.50;1.00;IBk;no feature selection;Oversampling;906.00;1.00;3.00;1.00;1.00;1.00;0.77;0.75
SYNCOPE;26;0.96;0.50;0.03;IBk;no feature selection;Oversampling;23.00;889.00;0.00;0.00;0.03;1.00;0.52;0.00
SYNCOPE;27;0.94;0.50;0.01;IBk;no feature selection;Oversampling;2.00;236.00;1190.00;10.00;0.01;0.17;0.50;0.00
SYNCOPE;28;0.97;0.50;0.00;IBk;no feature selection;Oversampling;0.00;0.00;914.00;0.00;1.00;1.00;0.00;0.00
SYNCOPE;29;0.95;0.50;0.00;IBk;no feature selection;Oversampling;2.00;261.00;1309.00;5.00;0.01;0.29;0.68;0.01
SYNCOPE;30;0.97;0.50;0.00;IBk;no feature selection;Oversampling;0.00;2.00;913.00;0.00;0.00;0.00;0.00;0.00
SYNCOPE;31;0.95;0.50;0.01;IBk;no feature selection;Oversampling;0.00;1.00;1657.00;24.00;0.00;0.00;0.00;0.00
MEAN;;;;;;;;168.68;88.52;482.45;81.48;0.51;0.44;0.53;0.20
;
SYNCOPE;1;0.00;0.50;0.00;IBk;no feature selection;Undersampling;0.00;0.00;548.00;1.00;0.00;0.00;0.00;0.00
SYNCOPE;2;0.01;0.50;0.00;IBk;no feature selection;Undersampling;1.00;128.00;420.00;0.00;0.01;1.00;0.88;0.01
SYNCOPE;3;0.01;0.50;0.00;IBk;no feature selection;Undersampling;1.00;129.00;420.00;0.00;0.01;1.00;0.88;0.01
SYNCOPE;4;0.01;0.50;0.01;IBk;no feature selection;Undersampling;4.00;129.00;417.00;0.00;0.03;1.00;0.90;0.04
SYNCOPE;5;0.03;0.50;0.13;IBk;no feature selection;Undersampling;33.00;76.00;405.00;38.00;0.30;0.46;0.65;0.25
SYNCOPE;6;0.22;0.50;0.07;IBk;no feature selection;Undersampling;33.00;282.00;239.00;5.00;0.10;0.87;0.67;0.07
SYNCOPE;7;0.30;0.50;0.07;IBk;no feature selection;Undersampling;20.00;224.00;297.00;18.00;0.08;0.53;0.59;0.03
SYNCOPE;8;0.30;0.50;0.04;IBk;no feature selection;Undersampling;2.00;1.00;707.00;25.00;0.67;0.07;0.54;0.13
SYNCOPE;9;0.39;0.50;0.04;IBk;no feature selection;Undersampling;3.00;99.00;434.00;22.00;0.03;0.12;0.49;-0.03
SYNCOPE;10;0.36;0.50;0.04;IBk;no feature selection;Undersampling;23.00;241.00;465.00;7.00;0.09;0.77;0.71;0.09
SYNCOPE;11;0.39;0.50;0.04;IBk;no feature selection;Undersampling;2.00;0.00;712.00;25.00;1.00;0.07;0.55;0.13
SYNCOPE;12;0.42;0.50;0.45;IBk;no feature selection;Undersampling;34.00;6.00;402.00;301.00;0.85;0.10;0.56;0.09
SYNCOPE;13;0.62;0.50;0.60;IBk;no feature selection;Undersampling;255.00;10.00;287.00;196.00;0.96;0.57;0.77;0.48
SYNCOPE;14;0.73;0.50;0.64;IBk;no feature selection;Undersampling;470.00;206.00;66.00;19.00;0.70;0.96;0.55;0.24
SYNCOPE;15;0.80;0.50;0.04;IBk;no feature selection;Undersampling;31.00;473.00;257.00;0.00;0.06;1.00;0.68;0.04
SYNCOPE;16;0.85;0.50;0.03;IBk;no feature selection;Undersampling;1.00;46.00;500.00;13.00;0.02;0.07;0.50;-0.01
SYNCOPE;17;0.81;0.50;0.64;IBk;no feature selection;Undersampling;7.00;3.00;269.00;484.00;0.70;0.01;0.59;0.00
SYNCOPE;18;0.84;0.50;0.62;IBk;no feature selection;Undersampling;56.00;102.00;191.00;414.00;0.35;0.12;0.37;-0.19
SYNCOPE;19;0.85;0.50;0.81;IBk;no feature selection;Undersampling;637.00;10.00;159.00;67.00;0.98;0.90;0.93;0.75
SYNCOPE;20;0.88;0.50;0.82;IBk;no feature selection;Undersampling;704.00;32.00;133.00;24.00;0.96;0.97;0.90;0.79
SYNCOPE;21;0.90;0.50;0.13;IBk;no feature selection;Undersampling;91.00;652.00;129.00;27.00;0.12;0.77;0.43;-0.02
SYNCOPE;22;0.90;0.50;1.00;IBk;no feature selection;Undersampling;554.00;0.00;0.00;346.00;1.00;0.62;0.00;0.00
SYNCOPE;23;0.92;0.50;0.99;IBk;no feature selection;Undersampling;888.00;13.00;0.00;1.00;0.99;1.00;0.27;-0.00
SYNCOPE;24;0.93;0.50;0.99;IBk;no feature selection;Undersampling;890.00;0.00;5.00;9.00;1.00;0.99;1.00;0.52
SYNCOPE;25;0.94;0.50;1.00;IBk;no feature selection;Undersampling;906.00;1.00;3.00;1.00;1.00;1.00;0.88;0.75
SYNCOPE;26;0.94;0.50;0.03;IBk;no feature selection;Undersampling;23.00;889.00;0.00;0.00;0.03;1.00;0.45;0.00
SYNCOPE;27;0.91;0.50;0.01;IBk;no feature selection;Undersampling;2.00;241.00;1185.00;10.00;0.01;0.17;0.50;-0.00
SYNCOPE;28;0.94;0.50;0.00;IBk;no feature selection;Undersampling;0.00;0.00;914.00;0.00;1.00;1.00;0.00;0.00
SYNCOPE;29;0.91;0.50;0.00;IBk;no feature selection;Undersampling;3.00;266.00;1304.00;4.00;0.01;0.43;0.76;0.01
SYNCOPE;30;0.94;0.50;0.00;IBk;no feature selection;Undersampling;0.00;2.00;913.00;0.00;0.00;0.00;0.00;0.00
SYNCOPE;31;0.90;0.50;0.01;IBk;no feature selection;Undersampling;0.00;1.00;1657.00;24.00;0.00;0.00;0.00;0.00
MEAN;;;;;;;;183.03;137.48;433.48;67.13;0.42;0.57;0.55;0.14
;
SYNCOPE;1;0.50;0.00;0.00;IBk;no feature selection;smote;0.00;0.00;548.00;1.00;0.00;0.00;0.00;0.00
SYNCOPE;2;0.67;0.00;0.00;IBk;no feature selection;smote;1.00;0.00;548.00;0.00;1.00;1.00;1.00;1.00
SYNCOPE;3;0.75;0.00;0.00;IBk;no feature selection;smote;1.00;1.00;548.00;0.00;0.50;1.00;1.00;0.67
SYNCOPE;4;0.80;0.00;0.01;IBk;no feature selection;smote;0.00;0.00;546.00;4.00;0.00;0.00;0.00;0.00
SYNCOPE;5;0.83;0.00;0.13;IBk;no feature selection;smote;1.00;2.00;479.00;70.00;0.33;0.01;0.62;0.02
SYNCOPE;6;0.86;0.02;0.07;IBk;no feature selection;smote;5.00;40.00;481.00;33.00;0.11;0.13;0.64;0.05
SYNCOPE;7;0.87;0.03;0.07;IBk;no feature selection;smote;2.00;8.00;513.00;36.00;0.20;0.05;0.67;0.06
SYNCOPE;8;0.86;0.04;0.04;IBk;no feature selection;smote;0.00;0.00;708.00;27.00;0.00;0.00;0.00;0.00
SYNCOPE;9;0.90;0.04;0.04;IBk;no feature selection;smote;1.00;3.00;530.00;24.00;0.25;0.04;0.55;0.06
SYNCOPE;10;0.89;0.04;0.04;IBk;no feature selection;smote;6.00;18.00;688.00;24.00;0.25;0.20;0.65;0.19
SYNCOPE;11;0.90;0.04;0.04;IBk;no feature selection;smote;2.00;0.00;712.00;25.00;1.00;0.07;0.64;0.13
SYNCOPE;12;0.91;0.04;0.45;IBk;no feature selection;smote;2.00;0.00;408.00;333.00;1.00;0.01;0.54;0.01
SYNCOPE;13;0.91;0.08;0.60;IBk;no feature selection;smote;220.00;4.00;293.00;231.00;0.98;0.49;0.74;0.42
SYNCOPE;14;0.92;0.12;0.64;IBk;no feature selection;smote;425.00;41.00;231.00;64.00;0.91;0.87;0.86;0.71
SYNCOPE;15;0.93;0.16;0.04;IBk;no feature selection;smote;31.00;456.00;274.00;0.00;0.06;1.00;0.69;0.05
SYNCOPE;16;0.95;0.15;0.03;IBk;no feature selection;smote;0.00;6.00;540.00;14.00;0.00;0.00;0.00;0.00
SYNCOPE;17;0.93;0.15;0.64;IBk;no feature selection;smote;1.00;0.00;272.00;490.00;1.00;0.00;0.61;0.00
SYNCOPE;18;0.94;0.18;0.62;IBk;no feature selection;smote;21.00;12.00;281.00;449.00;0.64;0.04;0.61;0.00
SYNCOPE;19;0.93;0.21;0.81;IBk;no feature selection;smote;619.00;3.00;166.00;85.00;1.00;0.88;0.96;0.73
SYNCOPE;20;0.94;0.25;0.82;IBk;no feature selection;smote;701.00;14.00;151.00;27.00;0.98;0.96;0.94;0.85
SYNCOPE;21;0.94;0.28;0.13;IBk;no feature selection;smote;90.00;647.00;134.00;28.00;0.12;0.76;0.43;-0.02
SYNCOPE;22;0.94;0.27;1.00;IBk;no feature selection;smote;316.00;0.00;0.00;584.00;1.00;0.35;0.00;0.00
SYNCOPE;23;0.95;0.32;0.99;IBk;no feature selection;smote;887.00;13.00;0.00;2.00;0.99;1.00;0.27;-0.00
SYNCOPE;24;0.95;0.35;0.99;IBk;no feature selection;smote;890.00;0.00;5.00;9.00;1.00;0.99;1.00;0.52
SYNCOPE;25;0.95;0.38;1.00;IBk;no feature selection;smote;906.00;1.00;3.00;1.00;1.00;1.00;0.88;0.75
SYNCOPE;26;0.95;0.41;0.03;IBk;no feature selection;smote;23.00;889.00;0.00;0.00;0.03;1.00;0.45;0.00
SYNCOPE;27;0.93;0.40;0.01;IBk;no feature selection;smote;2.00;240.00;1186.00;10.00;0.01;0.17;0.50;-0.00
SYNCOPE;28;0.96;0.37;0.00;IBk;no feature selection;smote;0.00;0.00;914.00;0.00;1.00;1.00;0.00;0.00
SYNCOPE;29;0.93;0.35;0.00;IBk;no feature selection;smote;0.00;15.00;1555.00;7.00;0.00;0.00;0.00;0.00
SYNCOPE;30;0.96;0.33;0.00;IBk;no feature selection;smote;0.00;2.00;913.00;0.00;0.00;0.00;0.00;0.00
SYNCOPE;31;0.94;0.32;0.01;IBk;no feature selection;smote;0.00;0.00;1658.00;24.00;0.00;0.00;0.00;0.00
MEAN;;;;;;;;166.23;77.90;493.06;83.94;0.50;0.42;0.49;0.20
;
SYNCOPE;1;0.50;0.00;0.00;IBk;Best First;no resample;0.00;0.00;548.00;1.00;0.00;0.00;0.00;0.00
SYNCOPE;2;0.67;0.00;0.00;IBk;Best First;no resample;0.00;0.00;548.00;1.00;0.00;0.00;0.00;0.00
SYNCOPE;3;0.75;0.00;0.00;IBk;Best First;no resample;0.00;0.00;549.00;1.00;0.00;0.00;0.00;0.00
SYNCOPE;4;0.80;0.00;0.01;IBk;Best First;no resample;1.00;1.00;545.00;3.00;0.50;0.25;0.94;0.33
SYNCOPE;5;0.83;0.00;0.13;IBk;Best First;no resample;2.00;3.00;478.00;69.00;0.40;0.03;0.74;0.04
SYNCOPE;6;0.86;0.02;0.07;IBk;Best First;no resample;1.00;20.00;501.00;37.00;0.05;0.03;0.48;-0.02
SYNCOPE;7;0.87;0.03;0.07;IBk;Best First;no resample;10.00;7.00;514.00;28.00;0.59;0.26;0.53;0.34
SYNCOPE;8;0.86;0.04;0.04;IBk;Best First;no resample;4.00;13.00;695.00;23.00;0.24;0.15;0.73;0.16
SYNCOPE;9;0.90;0.04;0.04;IBk;Best First;no resample;1.00;1.00;532.00;24.00;0.50;0.04;0.56;0.07
SYNCOPE;10;0.89;0.04;0.04;IBk;Best First;no resample;7.00;29.00;677.00;23.00;0.19;0.23;0.68;0.18
SYNCOPE;11;0.90;0.04;0.04;IBk;Best First;no resample;0.00;0.00;712.00;27.00;0.00;0.00;0.00;0.00
SYNCOPE;12;0.91;0.04;0.45;IBk;Best First;no resample;1.00;1.00;407.00;334.00;0.50;0.00;0.49;0.00
SYNCOPE;13;0.91;0.08;0.60;IBk;Best First;no resample;16.00;3.00;294.00;435.00;0.84;0.04;0.52;0.02
SYNCOPE;14;0.92;0.12;0.64;IBk;Best First;no resample;418.00;12.00;260.00;71.00;0.97;0.85;0.91;0.77
SYNCOPE;15;0.93;0.16;0.04;IBk;Best First;no resample;31.00;448.00;282.00;0.00;0.06;1.00;0.70;0.05
SYNCOPE;16;0.95;0.15;0.03;IBk;Best First;no resample;3.00;3.00;543.00;11.00;0.50;0.21;0.74;0.29
SYNCOPE;17;0.93;0.15;0.64;IBk;Best First;no resample;13.00;0.00;272.00;478.00;1.00;0.03;0.72;0.02
SYNCOPE;18;0.94;0.18;0.62;IBk;Best First;no resample;10.00;4.00;289.00;460.00;0.71;0.02;0.27;0.01
SYNCOPE;19;0.93;0.21;0.81;IBk;Best First;no resample;527.00;1.00;168.00;177.00;1.00;0.75;0.82;0.53
SYNCOPE;20;0.94;0.25;0.82;IBk;Best First;no resample;691.00;0.00;165.00;37.00;1.00;0.95;0.97;0.87
SYNCOPE;21;0.94;0.28;0.13;IBk;Best First;no resample;87.00;638.00;143.00;31.00;0.12;0.74;0.36;-0.03
SYNCOPE;22;0.94;0.27;1.00;IBk;Best First;no resample;741.00;0.00;0.00;159.00;1.00;0.82;0.00;0.00
SYNCOPE;23;0.95;0.32;0.99;IBk;Best First;no resample;889.00;13.00;0.00;0.00;0.99;1.00;0.50;0.00
SYNCOPE;24;0.95;0.35;0.99;IBk;Best First;no resample;888.00;0.00;5.00;11.00;1.00;0.99;1.00;0.47
SYNCOPE;25;0.95;0.38;1.00;IBk;Best First;no resample;906.00;0.00;4.00;1.00;1.00;1.00;1.00;0.89
SYNCOPE;26;0.95;0.41;0.03;IBk;Best First;no resample;23.00;888.00;1.00;0.00;0.03;1.00;0.44;0.00
SYNCOPE;27;0.93;0.40;0.01;IBk;Best First;no resample;11.00;1315.00;111.00;1.00;0.01;0.92;0.50;-0.00
SYNCOPE;28;0.96;0.37;0.00;IBk;Best First;no resample;0.00;0.00;914.00;0.00;1.00;1.00;0.00;0.00
SYNCOPE;29;0.93;0.35;0.00;IBk;Best First;no resample;0.00;27.00;1543.00;7.00;0.00;0.00;0.00;0.00
SYNCOPE;30;0.96;0.33;0.00;IBk;Best First;no resample;0.00;0.00;915.00;0.00;1.00;1.00;0.00;0.00
SYNCOPE;31;0.94;0.32;0.01;IBk;Best First;no resample;0.00;0.00;1658.00;24.00;0.00;0.00;0.00;0.00
MEAN;;;;;;;;170.35;110.55;460.42;79.81;0.49;0.43;0.47;0.16
;
SYNCOPE;1;0.67;0.50;0.00;IBk;Best First;Oversampling;0.00;0.00;548.00;1.00;0.00;0.00;0.00;0.00
SYNCOPE;2;0.80;0.50;0.00;IBk;Best First;Oversampling;1.00;0.00;548.00;0.00;1.00;1.00;1.00;1.00
SYNCOPE;3;0.86;0.50;0.00;IBk;Best First;Oversampling;1.00;1.00;548.00;0.00;0.50;1.00;1.00;0.67
SYNCOPE;4;0.89;0.50;0.01;IBk;Best First;Oversampling;1.00;1.00;545.00;3.00;0.50;0.25;0.88;0.33
SYNCOPE;5;0.91;0.50;0.13;IBk;Best First;Oversampling;3.00;3.00;478.00;68.00;0.50;0.04;0.72;0.06
SYNCOPE;6;0.92;0.50;0.07;IBk;Best First;Oversampling;19.00;186.00;335.00;19.00;0.09;0.50;0.72;0.05
SYNCOPE;7;0.93;0.50;0.07;IBk;Best First;Oversampling;8.00;10.00;511.00;30.00;0.44;0.21;0.67;0.25
SYNCOPE;8;0.92;0.50;0.04;IBk;Best First;Oversampling;0.00;0.00;708.00;27.00;0.00;0.00;0.00;0.00
SYNCOPE;9;0.95;0.50;0.04;IBk;Best First;Oversampling;3.00;31.00;502.00;22.00;0.09;0.12;0.62;0.05
SYNCOPE;10;0.94;0.50;0.04;IBk;Best First;Oversampling;9.00;22.00;684.00;21.00;0.29;0.30;0.68;0.26
SYNCOPE;11;0.94;0.50;0.04;IBk;Best First;Oversampling;0.00;2.00;710.00;27.00;0.00;0.00;0.00;0.00
SYNCOPE;12;0.95;0.50;0.45;IBk;Best First;Oversampling;7.00;1.00;407.00;328.00;0.88;0.02;0.59;0.02
SYNCOPE;13;0.95;0.50;0.60;IBk;Best First;Oversampling;23.00;4.00;293.00;428.00;0.85;0.05;0.52;0.03
SYNCOPE;14;0.95;0.50;0.64;IBk;Best First;Oversampling;418.00;15.00;257.00;71.00;0.97;0.85;0.91;0.76
SYNCOPE;15;0.95;0.50;0.04;IBk;Best First;Oversampling;31.00;455.00;275.00;0.00;0.06;1.00;0.67;0.05
SYNCOPE;16;0.97;0.50;0.03;IBk;Best First;Oversampling;10.00;303.00;243.00;4.00;0.03;0.71;0.60;0.01
SYNCOPE;17;0.96;0.50;0.64;IBk;Best First;Oversampling;29.00;3.00;269.00;462.00;0.91;0.06;0.66;0.03
SYNCOPE;18;0.96;0.50;0.62;IBk;Best First;Oversampling;2.00;3.00;290.00;468.00;0.40;0.00;0.46;-0.00
SYNCOPE;19;0.96;0.50;0.81;IBk;Best First;Oversampling;487.00;1.00;168.00;217.00;1.00;0.69;0.81;0.46
SYNCOPE;20;0.96;0.50;0.82;IBk;Best First;Oversampling;725.00;0.00;165.00;3.00;1.00;1.00;1.00;0.99
SYNCOPE;21;0.96;0.50;0.13;IBk;Best First;Oversampling;79.00;607.00;174.00;39.00;0.12;0.67;0.45;-0.04
SYNCOPE;22;0.96;0.50;1.00;IBk;Best First;Oversampling;0.00;0.00;0.00;900.00;NaN;0.00;0.00;0.00
SYNCOPE;23;0.96;0.50;0.99;IBk;Best First;Oversampling;889.00;13.00;0.00;0.00;0.99;1.00;0.00;0.00
SYNCOPE;24;0.96;0.50;0.99;IBk;Best First;Oversampling;888.00;0.00;5.00;11.00;1.00;0.99;1.00;0.47
SYNCOPE;25;0.96;0.50;1.00;IBk;Best First;Oversampling;906.00;0.00;4.00;1.00;1.00;1.00;1.00;0.89
SYNCOPE;26;0.96;0.50;0.03;IBk;Best First;Oversampling;23.00;888.00;1.00;0.00;0.03;1.00;0.44;0.00
SYNCOPE;27;0.94;0.50;0.01;IBk;Best First;Oversampling;3.00;258.00;1168.00;9.00;0.01;0.25;0.54;0.01
SYNCOPE;28;0.97;0.50;0.00;IBk;Best First;Oversampling;0.00;0.00;914.00;0.00;1.00;1.00;0.00;0.00
SYNCOPE;29;0.95;0.50;0.00;IBk;Best First;Oversampling;0.00;27.00;1543.00;7.00;0.00;0.00;0.00;0.00
SYNCOPE;30;0.97;0.50;0.00;IBk;Best First;Oversampling;0.00;0.00;915.00;0.00;1.00;1.00;0.00;0.00
SYNCOPE;31;0.95;0.50;0.01;IBk;Best First;Oversampling;0.00;0.00;1658.00;24.00;0.00;0.00;0.00;0.00
MEAN;;;;;;;;147.26;91.42;479.55;102.90;NaN;0.47;0.51;0.21
;
SYNCOPE;1;0.00;0.50;0.00;IBk;Best First;Undersampling;0.00;0.00;548.00;1.00;0.00;0.00;0.00;0.00
SYNCOPE;2;0.01;0.50;0.00;IBk;Best First;Undersampling;1.00;128.00;420.00;0.00;0.01;1.00;0.88;0.01
SYNCOPE;3;0.01;0.50;0.00;IBk;Best First;Undersampling;1.00;129.00;420.00;0.00;0.01;1.00;0.88;0.01
SYNCOPE;4;0.01;0.50;0.01;IBk;Best First;Undersampling;4.00;110.00;436.00;0.00;0.04;1.00;0.90;0.05
SYNCOPE;5;0.03;0.50;0.13;IBk;Best First;Undersampling;41.00;79.00;402.00;30.00;0.34;0.58;0.71;0.32
SYNCOPE;6;0.22;0.50;0.07;IBk;Best First;Undersampling;37.00;297.00;224.00;1.00;0.11;0.97;0.70;0.09
SYNCOPE;7;0.30;0.50;0.07;IBk;Best First;Undersampling;18.00;216.00;305.00;20.00;0.08;0.47;0.58;0.02
SYNCOPE;8;0.30;0.50;0.04;IBk;Best First;Undersampling;1.00;1.00;707.00;26.00;0.50;0.04;0.52;0.06
SYNCOPE;9;0.39;0.50;0.04;IBk;Best First;Undersampling;24.00;261.00;272.00;1.00;0.08;0.96;0.74;0.08
SYNCOPE;10;0.36;0.50;0.04;IBk;Best First;Undersampling;23.00;204.00;502.00;7.00;0.10;0.77;0.74;0.12
SYNCOPE;11;0.39;0.50;0.04;IBk;Best First;Undersampling;3.00;13.00;699.00;24.00;0.19;0.11;0.66;0.12
SYNCOPE;12;0.42;0.50;0.45;IBk;Best First;Undersampling;34.00;6.00;402.00;301.00;0.85;0.10;0.56;0.09
SYNCOPE;13;0.62;0.50;0.60;IBk;Best First;Undersampling;47.00;9.00;288.00;404.00;0.84;0.10;0.53;0.06
SYNCOPE;14;0.73;0.50;0.64;IBk;Best First;Undersampling;470.00;213.00;59.00;19.00;0.69;0.96;0.59;0.21
SYNCOPE;15;0.80;0.50;0.04;IBk;Best First;Undersampling;31.00;467.00;263.00;0.00;0.06;1.00;0.69;0.04
SYNCOPE;16;0.85;0.50;0.03;IBk;Best First;Undersampling;12.00;311.00;235.00;2.00;0.04;0.86;0.66;0.02
SYNCOPE;17;0.81;0.50;0.64;IBk;Best First;Undersampling;63.00;3.00;269.00;428.00;0.95;0.13;0.67;0.09
SYNCOPE;18;0.84;0.50;0.62;IBk;Best First;Undersampling;23.00;98.00;195.00;447.00;0.19;0.05;0.36;-0.23
SYNCOPE;19;0.85;0.50;0.81;IBk;Best First;Undersampling;659.00;10.00;159.00;45.00;0.99;0.94;0.94;0.81
SYNCOPE;20;0.88;0.50;0.82;IBk;Best First;Undersampling;725.00;0.00;165.00;3.00;1.00;1.00;1.00;0.99
SYNCOPE;21;0.90;0.50;0.13;IBk;Best First;Undersampling;86.00;636.00;145.00;32.00;0.12;0.73;0.45;-0.03
SYNCOPE;22;0.90;0.50;1.00;IBk;Best First;Undersampling;658.00;0.00;0.00;242.00;1.00;0.73;0.00;0.00
SYNCOPE;23;0.92;0.50;0.99;IBk;Best First;Undersampling;889.00;13.00;0.00;0.00;0.99;1.00;0.50;0.00
SYNCOPE;24;0.93;0.50;0.99;IBk;Best First;Undersampling;888.00;0.00;5.00;11.00;1.00;0.99;1.00;0.47
SYNCOPE;25;0.94;0.50;1.00;IBk;Best First;Undersampling;906.00;0.00;4.00;1.00;1.00;1.00;1.00;0.89
SYNCOPE;26;0.94;0.50;0.03;IBk;Best First;Undersampling;23.00;888.00;1.00;0.00;0.03;1.00;0.44;0.00
SYNCOPE;27;0.91;0.50;0.01;IBk;Best First;Undersampling;3.00;258.00;1168.00;9.00;0.01;0.25;0.53;0.01
SYNCOPE;28;0.94;0.50;0.00;IBk;Best First;Undersampling;0.00;0.00;914.00;0.00;1.00;1.00;0.00;0.00
SYNCOPE;29;0.91;0.50;0.00;IBk;Best First;Undersampling;0.00;25.00;1545.00;7.00;0.00;0.00;0.00;0.00
SYNCOPE;30;0.94;0.50;0.00;IBk;Best First;Undersampling;0.00;0.00;915.00;0.00;1.00;1.00;0.00;0.00
SYNCOPE;31;0.90;0.50;0.01;IBk;Best First;Undersampling;0.00;0.00;1658.00;24.00;0.00;0.00;0.00;0.00
MEAN;;;;;;;;182.90;141.13;429.84;67.26;0.43;0.64;0.56;0.14
;
SYNCOPE;1;0.50;0.00;0.00;IBk;Best First;smote;0.00;0.00;548.00;1.00;0.00;0.00;0.00;0.00
SYNCOPE;2;0.67;0.00;0.00;IBk;Best First;smote;0.00;0.00;548.00;1.00;0.00;0.00;0.00;0.00
SYNCOPE;3;0.75;0.00;0.00;IBk;Best First;smote;0.00;0.00;549.00;1.00;0.00;0.00;0.00;0.00
SYNCOPE;4;0.80;0.00;0.01;IBk;Best First;smote;1.00;1.00;545.00;3.00;0.50;0.25;0.94;0.33
SYNCOPE;5;0.83;0.00;0.13;IBk;Best First;smote;2.00;3.00;478.00;69.00;0.40;0.03;0.74;0.04
SYNCOPE;6;0.86;0.02;0.07;IBk;Best First;smote;1.00;20.00;501.00;37.00;0.05;0.03;0.48;-0.02
SYNCOPE;7;0.87;0.03;0.07;IBk;Best First;smote;10.00;7.00;514.00;28.00;0.59;0.26;0.53;0.34
SYNCOPE;8;0.86;0.04;0.04;IBk;Best First;smote;4.00;13.00;695.00;23.00;0.24;0.15;0.73;0.16
SYNCOPE;9;0.90;0.04;0.04;IBk;Best First;smote;1.00;1.00;532.00;24.00;0.50;0.04;0.56;0.07
SYNCOPE;10;0.89;0.04;0.04;IBk;Best First;smote;7.00;29.00;677.00;23.00;0.19;0.23;0.68;0.18
SYNCOPE;11;0.90;0.04;0.04;IBk;Best First;smote;0.00;0.00;712.00;27.00;0.00;0.00;0.00;0.00
SYNCOPE;12;0.91;0.04;0.45;IBk;Best First;smote;1.00;1.00;407.00;334.00;0.50;0.00;0.49;0.00
SYNCOPE;13;0.91;0.08;0.60;IBk;Best First;smote;16.00;3.00;294.00;435.00;0.84;0.04;0.52;0.02
SYNCOPE;14;0.92;0.12;0.64;IBk;Best First;smote;418.00;12.00;260.00;71.00;0.97;0.85;0.91;0.77
SYNCOPE;15;0.93;0.16;0.04;IBk;Best First;smote;31.00;448.00;282.00;0.00;0.06;1.00;0.70;0.05
SYNCOPE;16;0.95;0.15;0.03;IBk;Best First;smote;3.00;3.00;543.00;11.00;0.50;0.21;0.74;0.29
SYNCOPE;17;0.93;0.15;0.64;IBk;Best First;smote;13.00;0.00;272.00;478.00;1.00;0.03;0.72;0.02
SYNCOPE;18;0.94;0.18;0.62;IBk;Best First;smote;10.00;4.00;289.00;460.00;0.71;0.02;0.27;0.01
SYNCOPE;19;0.93;0.21;0.81;IBk;Best First;smote;527.00;1.00;168.00;177.00;1.00;0.75;0.82;0.53
SYNCOPE;20;0.94;0.25;0.82;IBk;Best First;smote;691.00;0.00;165.00;37.00;1.00;0.95;0.97;0.87
SYNCOPE;21;0.94;0.28;0.13;IBk;Best First;smote;87.00;638.00;143.00;31.00;0.12;0.74;0.36;-0.03
SYNCOPE;22;0.94;0.27;1.00;IBk;Best First;smote;741.00;0.00;0.00;159.00;1.00;0.82;0.00;0.00
SYNCOPE;23;0.95;0.32;0.99;IBk;Best First;smote;889.00;13.00;0.00;0.00;0.99;1.00;0.50;0.00
SYNCOPE;24;0.95;0.35;0.99;IBk;Best First;smote;888.00;0.00;5.00;11.00;1.00;0.99;1.00;0.47
SYNCOPE;25;0.95;0.38;1.00;IBk;Best First;smote;906.00;0.00;4.00;1.00;1.00;1.00;1.00;0.89
SYNCOPE;26;0.95;0.41;0.03;IBk;Best First;smote;23.00;888.00;1.00;0.00;0.03;1.00;0.44;0.00
SYNCOPE;27;0.93;0.40;0.01;IBk;Best First;smote;11.00;1315.00;111.00;1.00;0.01;0.92;0.50;-0.00
SYNCOPE;28;0.96;0.37;0.00;IBk;Best First;smote;0.00;0.00;914.00;0.00;1.00;1.00;0.00;0.00
SYNCOPE;29;0.93;0.35;0.00;IBk;Best First;smote;0.00;27.00;1543.00;7.00;0.00;0.00;0.00;0.00
SYNCOPE;30;0.96;0.33;0.00;IBk;Best First;smote;0.00;0.00;915.00;0.00;1.00;1.00;0.00;0.00
SYNCOPE;31;0.94;0.32;0.01;IBk;Best First;smote;0.00;0.00;1658.00;24.00;0.00;0.00;0.00;0.00
MEAN;;;;;;;;170.35;110.55;460.42;79.81;0.49;0.43;0.47;0.16
;
