Progetto;#Training Release;%Training;%Buggy in training;%Buggy in test;Classifier;Feature selection;Sensitivity;Balancing;TP;FP;TN;FN;Precision;Recall;Area Under ROC;Kappa
BOOKKEEPER;1;0.44;0.30;0.22;Random Forest;no feature selection;no sensitive;no resample;17.00;3.00;232.00;49.00;0.85;0.26;0.72;0.33
BOOKKEEPER;2;0.55;0.26;0.18;Random Forest;no feature selection;no sensitive;no resample;3.00;3.00;359.00;74.00;0.50;0.04;0.75;0.05
BOOKKEEPER;3;0.69;0.22;0.27;Random Forest;no feature selection;no sensitive;no resample;0.00;0.00;322.00;118.00;0.00;0.00;0.00;0.00
BOOKKEEPER;4;0.76;0.24;0.46;Random Forest;no feature selection;no sensitive;no resample;127.00;2.00;239.00;78.00;0.98;0.62;0.87;0.63
BOOKKEEPER;5;0.81;0.29;0.46;Random Forest;no feature selection;no sensitive;no resample;188.00;1.00;243.00;20.00;0.99;0.90;0.99;0.91
BOOKKEEPER;6;0.77;0.32;0.10;Random Forest;no feature selection;no sensitive;no resample;50.00;158.00;459.00;22.00;0.24;0.69;0.76;0.24
BOOKKEEPER;7;0.81;0.27;0.08;Random Forest;no feature selection;no sensitive;no resample;0.00;0.00;640.00;53.00;0.00;0.00;0.00;0.00
BOOKKEEPER;8;0.84;0.24;0.09;Random Forest;no feature selection;no sensitive;no resample;43.00;104.00;526.00;23.00;0.29;0.65;0.82;0.31
BOOKKEEPER;9;0.93;0.21;0.09;Random Forest;no feature selection;no sensitive;no resample;2.00;4.00;304.00;27.00;0.33;0.07;0.82;0.09
MEAN;;;;;;;;47.78;30.56;369.33;51.56;0.47;0.36;0.64;0.28
;
BOOKKEEPER;1;0.44;0.30;0.22;Random Forest;no feature selection;threshold;no resample;20.00;11.00;224.00;46.00;0.65;0.30;0.63;0.32
BOOKKEEPER;2;0.55;0.26;0.18;Random Forest;no feature selection;threshold;no resample;3.00;3.00;359.00;74.00;0.50;0.04;0.52;0.05
BOOKKEEPER;3;0.69;0.22;0.27;Random Forest;no feature selection;threshold;no resample;0.00;0.00;322.00;118.00;0.00;0.00;0.00;0.00
BOOKKEEPER;4;0.76;0.24;0.46;Random Forest;no feature selection;threshold;no resample;85.00;1.00;240.00;120.00;0.99;0.41;0.71;0.43
BOOKKEEPER;5;0.81;0.29;0.46;Random Forest;no feature selection;threshold;no resample;184.00;4.00;240.00;24.00;0.98;0.88;0.93;0.87
BOOKKEEPER;6;0.77;0.32;0.10;Random Forest;no feature selection;threshold;no resample;47.00;148.00;469.00;25.00;0.24;0.65;0.71;0.24
BOOKKEEPER;7;0.81;0.27;0.08;Random Forest;no feature selection;threshold;no resample;0.00;4.00;636.00;53.00;0.00;0.00;0.00;0.00
BOOKKEEPER;8;0.84;0.24;0.09;Random Forest;no feature selection;threshold;no resample;19.00;12.00;618.00;47.00;0.61;0.29;0.63;0.35
BOOKKEEPER;9;0.93;0.21;0.09;Random Forest;no feature selection;threshold;no resample;0.00;1.00;307.00;29.00;0.00;0.00;0.00;0.00
MEAN;;;;;;;;39.78;20.44;379.44;59.56;0.44;0.29;0.46;0.25
;
BOOKKEEPER;1;0.44;0.30;0.22;Random Forest;no feature selection;sensitive learning;no resample;17.00;3.00;232.00;49.00;0.85;0.26;0.72;0.33
BOOKKEEPER;2;0.55;0.26;0.18;Random Forest;no feature selection;sensitive learning;no resample;3.00;3.00;359.00;74.00;0.50;0.04;0.75;0.05
BOOKKEEPER;3;0.69;0.22;0.27;Random Forest;no feature selection;sensitive learning;no resample;0.00;0.00;322.00;118.00;0.00;0.00;0.00;0.00
BOOKKEEPER;4;0.76;0.24;0.46;Random Forest;no feature selection;sensitive learning;no resample;127.00;2.00;239.00;78.00;0.98;0.62;0.87;0.63
BOOKKEEPER;5;0.81;0.29;0.46;Random Forest;no feature selection;sensitive learning;no resample;188.00;1.00;243.00;20.00;0.99;0.90;0.99;0.91
BOOKKEEPER;6;0.77;0.32;0.10;Random Forest;no feature selection;sensitive learning;no resample;50.00;158.00;459.00;22.00;0.24;0.69;0.76;0.24
BOOKKEEPER;7;0.81;0.27;0.08;Random Forest;no feature selection;sensitive learning;no resample;0.00;0.00;640.00;53.00;0.00;0.00;0.00;0.00
BOOKKEEPER;8;0.84;0.24;0.09;Random Forest;no feature selection;sensitive learning;no resample;43.00;104.00;526.00;23.00;0.29;0.65;0.82;0.31
BOOKKEEPER;9;0.93;0.21;0.09;Random Forest;no feature selection;sensitive learning;no resample;2.00;4.00;304.00;27.00;0.33;0.07;0.82;0.09
MEAN;;;;;;;;47.78;30.56;369.33;51.56;0.47;0.36;0.64;0.28
;
BOOKKEEPER;1;0.53;0.50;0.22;Random Forest;no feature selection;no sensitive;Oversampling;25.00;25.00;210.00;41.00;0.50;0.38;0.67;0.30
BOOKKEEPER;2;0.65;0.50;0.18;Random Forest;no feature selection;no sensitive;Oversampling;40.00;54.00;308.00;37.00;0.43;0.52;0.77;0.34
BOOKKEEPER;3;0.78;0.50;0.27;Random Forest;no feature selection;no sensitive;Oversampling;25.00;31.00;291.00;93.00;0.45;0.21;0.81;0.14
BOOKKEEPER;4;0.83;0.50;0.46;Random Forest;no feature selection;no sensitive;Oversampling;137.00;8.00;233.00;68.00;0.94;0.67;0.87;0.65
BOOKKEEPER;5;0.85;0.50;0.46;Random Forest;no feature selection;no sensitive;Oversampling;194.00;9.00;235.00;14.00;0.96;0.93;0.98;0.90
BOOKKEEPER;6;0.82;0.50;0.10;Random Forest;no feature selection;no sensitive;Oversampling;50.00;164.00;453.00;22.00;0.23;0.69;0.77;0.23
BOOKKEEPER;7;0.86;0.50;0.08;Random Forest;no feature selection;no sensitive;Oversampling;2.00;26.00;614.00;51.00;0.07;0.04;0.79;-0.00
BOOKKEEPER;8;0.89;0.50;0.09;Random Forest;no feature selection;no sensitive;Oversampling;48.00;146.00;484.00;18.00;0.25;0.73;0.81;0.27
BOOKKEEPER;9;0.95;0.50;0.09;Random Forest;no feature selection;no sensitive;Oversampling;16.00;33.00;275.00;13.00;0.33;0.55;0.81;0.34
MEAN;;;;;;;;59.67;55.11;344.78;39.67;0.46;0.52;0.81;0.35
;
BOOKKEEPER;1;0.53;0.50;0.22;Random Forest;no feature selection;threshold;Oversampling;30.00;34.00;201.00;36.00;0.47;0.45;0.65;0.31
BOOKKEEPER;2;0.65;0.50;0.18;Random Forest;no feature selection;threshold;Oversampling;16.00;17.00;345.00;61.00;0.48;0.21;0.58;0.21
BOOKKEEPER;3;0.78;0.50;0.27;Random Forest;no feature selection;threshold;Oversampling;6.00;10.00;312.00;112.00;0.38;0.05;0.51;0.03
BOOKKEEPER;4;0.83;0.50;0.46;Random Forest;no feature selection;threshold;Oversampling;91.00;3.00;238.00;114.00;0.97;0.44;0.72;0.45
BOOKKEEPER;5;0.85;0.50;0.46;Random Forest;no feature selection;threshold;Oversampling;194.00;14.00;230.00;14.00;0.93;0.93;0.94;0.88
BOOKKEEPER;6;0.82;0.50;0.10;Random Forest;no feature selection;threshold;Oversampling;47.00;150.00;467.00;25.00;0.24;0.65;0.70;0.23
BOOKKEEPER;7;0.86;0.50;0.08;Random Forest;no feature selection;threshold;Oversampling;1.00;19.00;621.00;52.00;0.05;0.02;0.49;-0.02
BOOKKEEPER;8;0.89;0.50;0.09;Random Forest;no feature selection;threshold;Oversampling;29.00;99.00;531.00;37.00;0.23;0.44;0.64;0.20
BOOKKEEPER;9;0.95;0.50;0.09;Random Forest;no feature selection;threshold;Oversampling;1.00;4.00;304.00;28.00;0.20;0.03;0.51;0.03
MEAN;;;;;;;;46.11;38.89;361.00;53.22;0.44;0.36;0.64;0.26
;
BOOKKEEPER;1;0.53;0.50;0.22;Random Forest;no feature selection;sensitive learning;Oversampling;25.00;25.00;210.00;41.00;0.50;0.38;0.67;0.30
BOOKKEEPER;2;0.65;0.50;0.18;Random Forest;no feature selection;sensitive learning;Oversampling;40.00;54.00;308.00;37.00;0.43;0.52;0.77;0.34
BOOKKEEPER;3;0.78;0.50;0.27;Random Forest;no feature selection;sensitive learning;Oversampling;25.00;31.00;291.00;93.00;0.45;0.21;0.81;0.14
BOOKKEEPER;4;0.83;0.50;0.46;Random Forest;no feature selection;sensitive learning;Oversampling;137.00;8.00;233.00;68.00;0.94;0.67;0.87;0.65
BOOKKEEPER;5;0.85;0.50;0.46;Random Forest;no feature selection;sensitive learning;Oversampling;194.00;9.00;235.00;14.00;0.96;0.93;0.98;0.90
BOOKKEEPER;6;0.82;0.50;0.10;Random Forest;no feature selection;sensitive learning;Oversampling;50.00;164.00;453.00;22.00;0.23;0.69;0.77;0.23
BOOKKEEPER;7;0.86;0.50;0.08;Random Forest;no feature selection;sensitive learning;Oversampling;2.00;26.00;614.00;51.00;0.07;0.04;0.79;-0.00
BOOKKEEPER;8;0.89;0.50;0.09;Random Forest;no feature selection;sensitive learning;Oversampling;48.00;146.00;484.00;18.00;0.25;0.73;0.81;0.27
BOOKKEEPER;9;0.95;0.50;0.09;Random Forest;no feature selection;sensitive learning;Oversampling;16.00;33.00;275.00;13.00;0.33;0.55;0.81;0.34
MEAN;;;;;;;;59.67;55.11;344.78;39.67;0.46;0.52;0.81;0.35
;
BOOKKEEPER;1;0.33;0.50;0.22;Random Forest;no feature selection;no sensitive;Undersampling;20.00;10.00;225.00;46.00;0.67;0.30;0.73;0.32
BOOKKEEPER;2;0.39;0.50;0.18;Random Forest;no feature selection;no sensitive;Undersampling;32.00;45.00;317.00;45.00;0.42;0.42;0.76;0.29
BOOKKEEPER;3;0.50;0.50;0.27;Random Forest;no feature selection;no sensitive;Undersampling;8.00;10.00;312.00;110.00;0.44;0.07;0.79;0.05
BOOKKEEPER;4;0.60;0.50;0.46;Random Forest;no feature selection;no sensitive;Undersampling;129.00;3.00;238.00;76.00;0.98;0.63;0.87;0.63
BOOKKEEPER;5;0.70;0.50;0.46;Random Forest;no feature selection;no sensitive;Undersampling;196.00;16.00;228.00;12.00;0.92;0.94;0.98;0.88
BOOKKEEPER;6;0.68;0.50;0.10;Random Forest;no feature selection;no sensitive;Undersampling;50.00;158.00;459.00;22.00;0.24;0.69;0.76;0.24
BOOKKEEPER;7;0.70;0.50;0.08;Random Forest;no feature selection;no sensitive;Undersampling;1.00;14.00;626.00;52.00;0.07;0.02;0.76;-0.00
BOOKKEEPER;8;0.71;0.50;0.09;Random Forest;no feature selection;no sensitive;Undersampling;48.00;117.00;513.00;18.00;0.29;0.73;0.86;0.32
BOOKKEEPER;9;0.85;0.50;0.09;Random Forest;no feature selection;no sensitive;Undersampling;13.00;20.00;288.00;16.00;0.39;0.45;0.80;0.36
MEAN;;;;;;;;55.22;43.67;356.22;44.11;0.49;0.47;0.81;0.34
;
BOOKKEEPER;1;0.33;0.50;0.22;Random Forest;no feature selection;threshold;Undersampling;28.00;19.00;216.00;38.00;0.60;0.42;0.67;0.38
BOOKKEEPER;2;0.39;0.50;0.18;Random Forest;no feature selection;threshold;Undersampling;16.00;17.00;345.00;61.00;0.48;0.21;0.58;0.21
BOOKKEEPER;3;0.50;0.50;0.27;Random Forest;no feature selection;threshold;Undersampling;13.00;24.00;298.00;105.00;0.35;0.11;0.52;0.05
BOOKKEEPER;4;0.60;0.50;0.46;Random Forest;no feature selection;threshold;Undersampling;118.00;3.00;238.00;87.00;0.98;0.58;0.78;0.58
BOOKKEEPER;5;0.70;0.50;0.46;Random Forest;no feature selection;threshold;Undersampling;193.00;6.00;238.00;15.00;0.97;0.93;0.95;0.91
BOOKKEEPER;6;0.68;0.50;0.10;Random Forest;no feature selection;threshold;Undersampling;50.00;158.00;459.00;22.00;0.24;0.69;0.72;0.24
BOOKKEEPER;7;0.70;0.50;0.08;Random Forest;no feature selection;threshold;Undersampling;0.00;20.00;620.00;53.00;0.00;0.00;0.00;0.00
BOOKKEEPER;8;0.71;0.50;0.09;Random Forest;no feature selection;threshold;Undersampling;48.00;111.00;519.00;18.00;0.30;0.73;0.78;0.34
BOOKKEEPER;9;0.85;0.50;0.09;Random Forest;no feature selection;threshold;Undersampling;7.00;10.00;298.00;22.00;0.41;0.24;0.60;0.26
MEAN;;;;;;;;52.56;40.89;359.00;46.78;0.48;0.43;0.62;0.33
;
BOOKKEEPER;1;0.33;0.50;0.22;Random Forest;no feature selection;sensitive learning;Undersampling;20.00;10.00;225.00;46.00;0.67;0.30;0.73;0.32
BOOKKEEPER;2;0.39;0.50;0.18;Random Forest;no feature selection;sensitive learning;Undersampling;32.00;45.00;317.00;45.00;0.42;0.42;0.76;0.29
BOOKKEEPER;3;0.50;0.50;0.27;Random Forest;no feature selection;sensitive learning;Undersampling;8.00;10.00;312.00;110.00;0.44;0.07;0.79;0.05
BOOKKEEPER;4;0.60;0.50;0.46;Random Forest;no feature selection;sensitive learning;Undersampling;129.00;3.00;238.00;76.00;0.98;0.63;0.87;0.63
BOOKKEEPER;5;0.70;0.50;0.46;Random Forest;no feature selection;sensitive learning;Undersampling;196.00;16.00;228.00;12.00;0.92;0.94;0.98;0.88
BOOKKEEPER;6;0.68;0.50;0.10;Random Forest;no feature selection;sensitive learning;Undersampling;50.00;158.00;459.00;22.00;0.24;0.69;0.76;0.24
BOOKKEEPER;7;0.70;0.50;0.08;Random Forest;no feature selection;sensitive learning;Undersampling;1.00;14.00;626.00;52.00;0.07;0.02;0.76;-0.00
BOOKKEEPER;8;0.71;0.50;0.09;Random Forest;no feature selection;sensitive learning;Undersampling;48.00;117.00;513.00;18.00;0.29;0.73;0.86;0.32
BOOKKEEPER;9;0.85;0.50;0.09;Random Forest;no feature selection;sensitive learning;Undersampling;13.00;20.00;288.00;16.00;0.39;0.45;0.80;0.36
MEAN;;;;;;;;55.22;43.67;356.22;44.11;0.49;0.47;0.81;0.34
;
BOOKKEEPER;1;0.51;0.47;0.22;Random Forest;no feature selection;no sensitive;Smote;22.00;9.00;226.00;44.00;0.71;0.33;0.72;0.36
BOOKKEEPER;2;0.61;0.41;0.18;Random Forest;no feature selection;no sensitive;Smote;22.00;23.00;339.00;55.00;0.49;0.29;0.75;0.27
BOOKKEEPER;3;0.76;0.46;0.27;Random Forest;no feature selection;no sensitive;Smote;15.00;13.00;309.00;103.00;0.54;0.13;0.72;0.11
BOOKKEEPER;4;0.82;0.48;0.46;Random Forest;no feature selection;no sensitive;Smote;128.00;4.00;237.00;77.00;0.97;0.62;0.86;0.62
BOOKKEEPER;5;0.84;0.45;0.46;Random Forest;no feature selection;no sensitive;Smote;192.00;6.00;238.00;16.00;0.97;0.92;0.99;0.90
BOOKKEEPER;6;0.82;0.49;0.10;Random Forest;no feature selection;no sensitive;Smote;50.00;158.00;459.00;22.00;0.24;0.69;0.76;0.24
BOOKKEEPER;7;0.85;0.43;0.08;Random Forest;no feature selection;no sensitive;Smote;0.00;7.00;633.00;53.00;0.00;0.00;0.00;0.00
BOOKKEEPER;8;0.89;0.48;0.09;Random Forest;no feature selection;no sensitive;Smote;47.00;114.00;516.00;19.00;0.29;0.71;0.84;0.32
BOOKKEEPER;9;0.95;0.45;0.09;Random Forest;no feature selection;no sensitive;Smote;10.00;17.00;291.00;19.00;0.37;0.34;0.78;0.30
MEAN;;;;;;;;54.00;39.00;360.89;45.33;0.51;0.45;0.72;0.35
;
BOOKKEEPER;1;0.51;0.47;0.22;Random Forest;no feature selection;threshold;Smote;24.00;21.00;214.00;42.00;0.53;0.36;0.64;0.31
BOOKKEEPER;2;0.61;0.41;0.18;Random Forest;no feature selection;threshold;Smote;3.00;5.00;357.00;74.00;0.38;0.04;0.51;0.04
BOOKKEEPER;3;0.76;0.46;0.27;Random Forest;no feature selection;threshold;Smote;11.00;7.00;315.00;107.00;0.61;0.09;0.54;0.10
BOOKKEEPER;4;0.82;0.48;0.46;Random Forest;no feature selection;threshold;Smote;67.00;2.00;239.00;138.00;0.97;0.33;0.66;0.34
BOOKKEEPER;5;0.84;0.45;0.46;Random Forest;no feature selection;threshold;Smote;190.00;4.00;240.00;18.00;0.98;0.91;0.95;0.90
BOOKKEEPER;6;0.82;0.49;0.10;Random Forest;no feature selection;threshold;Smote;47.00;151.00;466.00;25.00;0.24;0.65;0.70;0.23
BOOKKEEPER;7;0.85;0.43;0.08;Random Forest;no feature selection;threshold;Smote;1.00;8.00;632.00;52.00;0.11;0.02;0.50;0.01
BOOKKEEPER;8;0.89;0.48;0.09;Random Forest;no feature selection;threshold;Smote;22.00;67.00;563.00;44.00;0.25;0.33;0.61;0.20
BOOKKEEPER;9;0.95;0.45;0.09;Random Forest;no feature selection;threshold;Smote;3.00;5.00;303.00;26.00;0.38;0.10;0.54;0.13
MEAN;;;;;;;;40.89;30.00;369.89;58.44;0.49;0.32;0.63;0.25
;
BOOKKEEPER;1;0.51;0.47;0.22;Random Forest;no feature selection;sensitive learning;Smote;22.00;9.00;226.00;44.00;0.71;0.33;0.72;0.36
BOOKKEEPER;2;0.61;0.41;0.18;Random Forest;no feature selection;sensitive learning;Smote;22.00;23.00;339.00;55.00;0.49;0.29;0.75;0.27
BOOKKEEPER;3;0.76;0.46;0.27;Random Forest;no feature selection;sensitive learning;Smote;15.00;13.00;309.00;103.00;0.54;0.13;0.72;0.11
BOOKKEEPER;4;0.82;0.48;0.46;Random Forest;no feature selection;sensitive learning;Smote;128.00;4.00;237.00;77.00;0.97;0.62;0.86;0.62
BOOKKEEPER;5;0.84;0.45;0.46;Random Forest;no feature selection;sensitive learning;Smote;192.00;6.00;238.00;16.00;0.97;0.92;0.99;0.90
BOOKKEEPER;6;0.82;0.49;0.10;Random Forest;no feature selection;sensitive learning;Smote;50.00;158.00;459.00;22.00;0.24;0.69;0.76;0.24
BOOKKEEPER;7;0.85;0.43;0.08;Random Forest;no feature selection;sensitive learning;Smote;0.00;7.00;633.00;53.00;0.00;0.00;0.00;0.00
BOOKKEEPER;8;0.89;0.48;0.09;Random Forest;no feature selection;sensitive learning;Smote;47.00;114.00;516.00;19.00;0.29;0.71;0.84;0.32
BOOKKEEPER;9;0.95;0.45;0.09;Random Forest;no feature selection;sensitive learning;Smote;10.00;17.00;291.00;19.00;0.37;0.34;0.78;0.30
MEAN;;;;;;;;54.00;39.00;360.89;45.33;0.51;0.45;0.72;0.35
;
BOOKKEEPER;1;0.44;0.30;0.22;Random Forest;Best First;no sensitive;no resample;17.00;3.00;232.00;49.00;0.85;0.26;0.72;0.33
BOOKKEEPER;2;0.55;0.26;0.18;Random Forest;Best First;no sensitive;no resample;16.00;11.00;351.00;61.00;0.59;0.21;0.76;0.24
BOOKKEEPER;3;0.69;0.22;0.27;Random Forest;Best First;no sensitive;no resample;7.00;1.00;321.00;111.00;0.88;0.06;0.81;0.08
BOOKKEEPER;4;0.76;0.24;0.46;Random Forest;Best First;no sensitive;no resample;93.00;0.00;241.00;112.00;1.00;0.45;0.86;0.47
BOOKKEEPER;5;0.81;0.29;0.46;Random Forest;Best First;no sensitive;no resample;176.00;2.00;242.00;32.00;0.99;0.85;0.99;0.85
BOOKKEEPER;6;0.77;0.32;0.10;Random Forest;Best First;no sensitive;no resample;58.00;352.00;265.00;14.00;0.14;0.81;0.68;0.08
BOOKKEEPER;7;0.81;0.27;0.08;Random Forest;Best First;no sensitive;no resample;0.00;13.00;627.00;53.00;0.00;0.00;0.00;0.00
BOOKKEEPER;8;0.84;0.24;0.09;Random Forest;Best First;no sensitive;no resample;42.00;102.00;528.00;24.00;0.29;0.64;0.82;0.31
BOOKKEEPER;9;0.93;0.21;0.09;Random Forest;Best First;no sensitive;no resample;0.00;0.00;308.00;29.00;0.00;0.00;0.00;0.00
MEAN;;;;;;;;45.44;53.78;346.11;53.89;0.53;0.36;0.63;0.26
;
BOOKKEEPER;1;0.44;0.30;0.22;Random Forest;Best First;threshold;no resample;20.00;11.00;224.00;46.00;0.65;0.30;0.63;0.32
BOOKKEEPER;2;0.55;0.26;0.18;Random Forest;Best First;threshold;no resample;15.00;13.00;349.00;62.00;0.54;0.19;0.58;0.21
BOOKKEEPER;3;0.69;0.22;0.27;Random Forest;Best First;threshold;no resample;13.00;3.00;319.00;105.00;0.81;0.11;0.55;0.14
BOOKKEEPER;4;0.76;0.24;0.46;Random Forest;Best First;threshold;no resample;108.00;1.00;240.00;97.00;0.99;0.53;0.76;0.54
BOOKKEEPER;5;0.81;0.29;0.46;Random Forest;Best First;threshold;no resample;169.00;1.00;243.00;39.00;0.99;0.81;0.90;0.82
BOOKKEEPER;6;0.77;0.32;0.10;Random Forest;Best First;threshold;no resample;55.00;344.00;273.00;17.00;0.14;0.76;0.60;0.07
BOOKKEEPER;7;0.81;0.27;0.08;Random Forest;Best First;threshold;no resample;1.00;39.00;601.00;52.00;0.03;0.02;0.48;-0.05
BOOKKEEPER;8;0.84;0.24;0.09;Random Forest;Best First;threshold;no resample;36.00;94.00;536.00;30.00;0.28;0.55;0.70;0.28
BOOKKEEPER;9;0.93;0.21;0.09;Random Forest;Best First;threshold;no resample;0.00;0.00;308.00;29.00;0.00;0.00;0.00;0.00
MEAN;;;;;;;;46.33;56.22;343.67;53.00;0.49;0.36;0.58;0.26
;
BOOKKEEPER;1;0.44;0.30;0.22;Random Forest;Best First;sensitive learning;no resample;17.00;3.00;232.00;49.00;0.85;0.26;0.72;0.33
BOOKKEEPER;2;0.55;0.26;0.18;Random Forest;Best First;sensitive learning;no resample;16.00;11.00;351.00;61.00;0.59;0.21;0.76;0.24
BOOKKEEPER;3;0.69;0.22;0.27;Random Forest;Best First;sensitive learning;no resample;7.00;1.00;321.00;111.00;0.88;0.06;0.81;0.08
BOOKKEEPER;4;0.76;0.24;0.46;Random Forest;Best First;sensitive learning;no resample;93.00;0.00;241.00;112.00;1.00;0.45;0.86;0.47
BOOKKEEPER;5;0.81;0.29;0.46;Random Forest;Best First;sensitive learning;no resample;176.00;2.00;242.00;32.00;0.99;0.85;0.99;0.85
BOOKKEEPER;6;0.77;0.32;0.10;Random Forest;Best First;sensitive learning;no resample;58.00;352.00;265.00;14.00;0.14;0.81;0.68;0.08
BOOKKEEPER;7;0.81;0.27;0.08;Random Forest;Best First;sensitive learning;no resample;0.00;13.00;627.00;53.00;0.00;0.00;0.00;0.00
BOOKKEEPER;8;0.84;0.24;0.09;Random Forest;Best First;sensitive learning;no resample;42.00;102.00;528.00;24.00;0.29;0.64;0.82;0.31
BOOKKEEPER;9;0.93;0.21;0.09;Random Forest;Best First;sensitive learning;no resample;0.00;0.00;308.00;29.00;0.00;0.00;0.00;0.00
MEAN;;;;;;;;45.44;53.78;346.11;53.89;0.53;0.36;0.63;0.26
;
BOOKKEEPER;1;0.53;0.50;0.22;Random Forest;Best First;no sensitive;Oversampling;25.00;25.00;210.00;41.00;0.50;0.38;0.67;0.30
BOOKKEEPER;2;0.65;0.50;0.18;Random Forest;Best First;no sensitive;Oversampling;36.00;60.00;302.00;41.00;0.38;0.47;0.72;0.28
BOOKKEEPER;3;0.78;0.50;0.27;Random Forest;Best First;no sensitive;Oversampling;27.00;27.00;295.00;91.00;0.50;0.23;0.79;0.18
BOOKKEEPER;4;0.83;0.50;0.46;Random Forest;Best First;no sensitive;Oversampling;135.00;5.00;236.00;70.00;0.96;0.66;0.86;0.65
BOOKKEEPER;5;0.85;0.50;0.46;Random Forest;Best First;no sensitive;Oversampling;185.00;3.00;241.00;23.00;0.98;0.89;0.98;0.88
BOOKKEEPER;6;0.82;0.50;0.10;Random Forest;Best First;no sensitive;Oversampling;57.00;342.00;275.00;15.00;0.14;0.79;0.68;0.08
BOOKKEEPER;7;0.86;0.50;0.08;Random Forest;Best First;no sensitive;Oversampling;5.00;92.00;548.00;48.00;0.05;0.09;0.66;-0.04
BOOKKEEPER;8;0.89;0.50;0.09;Random Forest;Best First;no sensitive;Oversampling;51.00;117.00;513.00;15.00;0.30;0.77;0.84;0.35
BOOKKEEPER;9;0.95;0.50;0.09;Random Forest;Best First;no sensitive;Oversampling;9.00;29.00;279.00;20.00;0.24;0.31;0.74;0.19
MEAN;;;;;;;;58.89;77.78;322.11;40.44;0.45;0.51;0.77;0.32
;
BOOKKEEPER;1;0.53;0.50;0.22;Random Forest;Best First;threshold;Oversampling;30.00;34.00;201.00;36.00;0.47;0.45;0.65;0.31
BOOKKEEPER;2;0.65;0.50;0.18;Random Forest;Best First;threshold;Oversampling;43.00;70.00;292.00;34.00;0.38;0.56;0.68;0.31
BOOKKEEPER;3;0.78;0.50;0.27;Random Forest;Best First;threshold;Oversampling;13.00;4.00;318.00;105.00;0.76;0.11;0.55;0.13
BOOKKEEPER;4;0.83;0.50;0.46;Random Forest;Best First;threshold;Oversampling;18.00;4.00;237.00;187.00;0.82;0.09;0.54;0.08
BOOKKEEPER;5;0.85;0.50;0.46;Random Forest;Best First;threshold;Oversampling;185.00;6.00;238.00;23.00;0.97;0.89;0.93;0.87
BOOKKEEPER;6;0.82;0.50;0.10;Random Forest;Best First;threshold;Oversampling;54.00;335.00;282.00;18.00;0.14;0.75;0.60;0.07
BOOKKEEPER;7;0.86;0.50;0.08;Random Forest;Best First;threshold;Oversampling;4.00;93.00;547.00;49.00;0.04;0.08;0.47;-0.05
BOOKKEEPER;8;0.89;0.50;0.09;Random Forest;Best First;threshold;Oversampling;38.00;99.00;531.00;28.00;0.28;0.58;0.71;0.28
BOOKKEEPER;9;0.95;0.50;0.09;Random Forest;Best First;threshold;Oversampling;2.00;9.00;299.00;27.00;0.18;0.07;0.52;0.06
MEAN;;;;;;;;43.00;72.67;327.22;56.33;0.45;0.40;0.63;0.23
;
BOOKKEEPER;1;0.53;0.50;0.22;Random Forest;Best First;sensitive learning;Oversampling;25.00;25.00;210.00;41.00;0.50;0.38;0.67;0.30
BOOKKEEPER;2;0.65;0.50;0.18;Random Forest;Best First;sensitive learning;Oversampling;36.00;60.00;302.00;41.00;0.38;0.47;0.72;0.28
BOOKKEEPER;3;0.78;0.50;0.27;Random Forest;Best First;sensitive learning;Oversampling;27.00;27.00;295.00;91.00;0.50;0.23;0.79;0.18
BOOKKEEPER;4;0.83;0.50;0.46;Random Forest;Best First;sensitive learning;Oversampling;135.00;5.00;236.00;70.00;0.96;0.66;0.86;0.65
BOOKKEEPER;5;0.85;0.50;0.46;Random Forest;Best First;sensitive learning;Oversampling;185.00;3.00;241.00;23.00;0.98;0.89;0.98;0.88
BOOKKEEPER;6;0.82;0.50;0.10;Random Forest;Best First;sensitive learning;Oversampling;57.00;342.00;275.00;15.00;0.14;0.79;0.68;0.08
BOOKKEEPER;7;0.86;0.50;0.08;Random Forest;Best First;sensitive learning;Oversampling;5.00;92.00;548.00;48.00;0.05;0.09;0.66;-0.04
BOOKKEEPER;8;0.89;0.50;0.09;Random Forest;Best First;sensitive learning;Oversampling;51.00;117.00;513.00;15.00;0.30;0.77;0.84;0.35
BOOKKEEPER;9;0.95;0.50;0.09;Random Forest;Best First;sensitive learning;Oversampling;9.00;29.00;279.00;20.00;0.24;0.31;0.74;0.19
MEAN;;;;;;;;58.89;77.78;322.11;40.44;0.45;0.51;0.77;0.32
;
BOOKKEEPER;1;0.33;0.50;0.22;Random Forest;Best First;no sensitive;Undersampling;20.00;10.00;225.00;46.00;0.67;0.30;0.73;0.32
BOOKKEEPER;2;0.39;0.50;0.18;Random Forest;Best First;no sensitive;Undersampling;33.00;42.00;320.00;44.00;0.44;0.43;0.76;0.32
BOOKKEEPER;3;0.50;0.50;0.27;Random Forest;Best First;no sensitive;Undersampling;38.00;15.00;307.00;80.00;0.72;0.32;0.81;0.33
BOOKKEEPER;4;0.60;0.50;0.46;Random Forest;Best First;no sensitive;Undersampling;131.00;8.00;233.00;74.00;0.94;0.64;0.87;0.62
BOOKKEEPER;5;0.70;0.50;0.46;Random Forest;Best First;no sensitive;Undersampling;192.00;5.00;239.00;16.00;0.97;0.92;0.98;0.91
BOOKKEEPER;6;0.68;0.50;0.10;Random Forest;Best First;no sensitive;Undersampling;60.00;355.00;262.00;12.00;0.14;0.83;0.72;0.08
BOOKKEEPER;7;0.70;0.50;0.08;Random Forest;Best First;no sensitive;Undersampling;6.00;89.00;551.00;47.00;0.06;0.11;0.68;-0.02
BOOKKEEPER;8;0.71;0.50;0.09;Random Forest;Best First;no sensitive;Undersampling;48.00;112.00;518.00;18.00;0.30;0.73;0.84;0.34
BOOKKEEPER;9;0.85;0.50;0.09;Random Forest;Best First;no sensitive;Undersampling;12.00;18.00;290.00;17.00;0.40;0.41;0.78;0.35
MEAN;;;;;;;;60.00;72.67;327.22;39.33;0.52;0.52;0.80;0.36
;
BOOKKEEPER;1;0.33;0.50;0.22;Random Forest;Best First;threshold;Undersampling;28.00;19.00;216.00;38.00;0.60;0.42;0.67;0.38
BOOKKEEPER;2;0.39;0.50;0.18;Random Forest;Best First;threshold;Undersampling;29.00;45.00;317.00;48.00;0.39;0.38;0.63;0.26
BOOKKEEPER;3;0.50;0.50;0.27;Random Forest;Best First;threshold;Undersampling;56.00;26.00;296.00;62.00;0.68;0.47;0.70;0.44
BOOKKEEPER;4;0.60;0.50;0.46;Random Forest;Best First;threshold;Undersampling;134.00;13.00;228.00;71.00;0.91;0.65;0.80;0.61
BOOKKEEPER;5;0.70;0.50;0.46;Random Forest;Best First;threshold;Undersampling;194.00;7.00;237.00;14.00;0.97;0.93;0.95;0.91
BOOKKEEPER;6;0.68;0.50;0.10;Random Forest;Best First;threshold;Undersampling;55.00;351.00;266.00;17.00;0.14;0.76;0.60;0.06
BOOKKEEPER;7;0.70;0.50;0.08;Random Forest;Best First;threshold;Undersampling;5.00;105.00;535.00;48.00;0.05;0.09;0.47;-0.05
BOOKKEEPER;8;0.71;0.50;0.09;Random Forest;Best First;threshold;Undersampling;48.00;122.00;508.00;18.00;0.28;0.73;0.77;0.31
BOOKKEEPER;9;0.85;0.50;0.09;Random Forest;Best First;threshold;Undersampling;5.00;12.00;296.00;24.00;0.29;0.17;0.57;0.16
MEAN;;;;;;;;61.56;77.78;322.11;37.78;0.48;0.51;0.68;0.34
;
BOOKKEEPER;1;0.33;0.50;0.22;Random Forest;Best First;sensitive learning;Undersampling;20.00;10.00;225.00;46.00;0.67;0.30;0.73;0.32
BOOKKEEPER;2;0.39;0.50;0.18;Random Forest;Best First;sensitive learning;Undersampling;33.00;42.00;320.00;44.00;0.44;0.43;0.76;0.32
BOOKKEEPER;3;0.50;0.50;0.27;Random Forest;Best First;sensitive learning;Undersampling;38.00;15.00;307.00;80.00;0.72;0.32;0.81;0.33
BOOKKEEPER;4;0.60;0.50;0.46;Random Forest;Best First;sensitive learning;Undersampling;131.00;8.00;233.00;74.00;0.94;0.64;0.87;0.62
BOOKKEEPER;5;0.70;0.50;0.46;Random Forest;Best First;sensitive learning;Undersampling;192.00;5.00;239.00;16.00;0.97;0.92;0.98;0.91
BOOKKEEPER;6;0.68;0.50;0.10;Random Forest;Best First;sensitive learning;Undersampling;60.00;355.00;262.00;12.00;0.14;0.83;0.72;0.08
BOOKKEEPER;7;0.70;0.50;0.08;Random Forest;Best First;sensitive learning;Undersampling;6.00;89.00;551.00;47.00;0.06;0.11;0.68;-0.02
BOOKKEEPER;8;0.71;0.50;0.09;Random Forest;Best First;sensitive learning;Undersampling;48.00;112.00;518.00;18.00;0.30;0.73;0.84;0.34
BOOKKEEPER;9;0.85;0.50;0.09;Random Forest;Best First;sensitive learning;Undersampling;12.00;18.00;290.00;17.00;0.40;0.41;0.78;0.35
MEAN;;;;;;;;60.00;72.67;327.22;39.33;0.52;0.52;0.80;0.36
;
BOOKKEEPER;1;0.51;0.47;0.22;Random Forest;Best First;no sensitive;Smote;22.00;9.00;226.00;44.00;0.71;0.33;0.72;0.36
BOOKKEEPER;2;0.61;0.41;0.18;Random Forest;Best First;no sensitive;Smote;20.00;22.00;340.00;57.00;0.48;0.26;0.77;0.24
BOOKKEEPER;3;0.76;0.46;0.27;Random Forest;Best First;no sensitive;Smote;30.00;22.00;300.00;88.00;0.58;0.25;0.78;0.23
BOOKKEEPER;4;0.82;0.48;0.46;Random Forest;Best First;no sensitive;Smote;47.00;4.00;237.00;158.00;0.92;0.23;0.75;0.23
BOOKKEEPER;5;0.84;0.45;0.46;Random Forest;Best First;no sensitive;Smote;175.00;3.00;241.00;33.00;0.98;0.84;0.99;0.84
BOOKKEEPER;6;0.82;0.49;0.10;Random Forest;Best First;no sensitive;Smote;60.00;355.00;262.00;12.00;0.14;0.83;0.72;0.08
BOOKKEEPER;7;0.85;0.43;0.08;Random Forest;Best First;no sensitive;Smote;1.00;44.00;596.00;52.00;0.02;0.02;0.64;-0.05
BOOKKEEPER;8;0.89;0.48;0.09;Random Forest;Best First;no sensitive;Smote;47.00;107.00;523.00;19.00;0.31;0.71;0.82;0.34
BOOKKEEPER;9;0.95;0.45;0.09;Random Forest;Best First;no sensitive;Smote;10.00;16.00;292.00;19.00;0.38;0.34;0.80;0.31
MEAN;;;;;;;;45.78;64.67;335.22;53.56;0.50;0.43;0.78;0.29
;
BOOKKEEPER;1;0.51;0.47;0.22;Random Forest;Best First;threshold;Smote;24.00;21.00;214.00;42.00;0.53;0.36;0.64;0.31
BOOKKEEPER;2;0.61;0.41;0.18;Random Forest;Best First;threshold;Smote;19.00;19.00;343.00;58.00;0.50;0.25;0.60;0.24
BOOKKEEPER;3;0.76;0.46;0.27;Random Forest;Best First;threshold;Smote;43.00;37.00;285.00;75.00;0.54;0.36;0.62;0.28
BOOKKEEPER;4;0.82;0.48;0.46;Random Forest;Best First;threshold;Smote;54.00;4.00;237.00;151.00;0.93;0.26;0.62;0.26
BOOKKEEPER;5;0.84;0.45;0.46;Random Forest;Best First;threshold;Smote;168.00;3.00;241.00;40.00;0.98;0.81;0.90;0.81
BOOKKEEPER;6;0.82;0.49;0.10;Random Forest;Best First;threshold;Smote;44.00;207.00;410.00;28.00;0.18;0.61;0.64;0.13
BOOKKEEPER;7;0.85;0.43;0.08;Random Forest;Best First;threshold;Smote;3.00;64.00;576.00;50.00;0.04;0.06;0.48;-0.04
BOOKKEEPER;8;0.89;0.48;0.09;Random Forest;Best First;threshold;Smote;24.00;24.00;606.00;42.00;0.50;0.36;0.66;0.37
BOOKKEEPER;9;0.95;0.45;0.09;Random Forest;Best First;threshold;Smote;5.00;7.00;301.00;24.00;0.42;0.17;0.57;0.20
MEAN;;;;;;;;42.67;42.89;357.00;56.67;0.51;0.36;0.64;0.28
;
BOOKKEEPER;1;0.51;0.47;0.22;Random Forest;Best First;sensitive learning;Smote;22.00;9.00;226.00;44.00;0.71;0.33;0.72;0.36
BOOKKEEPER;2;0.61;0.41;0.18;Random Forest;Best First;sensitive learning;Smote;20.00;22.00;340.00;57.00;0.48;0.26;0.77;0.24
BOOKKEEPER;3;0.76;0.46;0.27;Random Forest;Best First;sensitive learning;Smote;30.00;22.00;300.00;88.00;0.58;0.25;0.78;0.23
BOOKKEEPER;4;0.82;0.48;0.46;Random Forest;Best First;sensitive learning;Smote;47.00;4.00;237.00;158.00;0.92;0.23;0.75;0.23
BOOKKEEPER;5;0.84;0.45;0.46;Random Forest;Best First;sensitive learning;Smote;175.00;3.00;241.00;33.00;0.98;0.84;0.99;0.84
BOOKKEEPER;6;0.82;0.49;0.10;Random Forest;Best First;sensitive learning;Smote;60.00;355.00;262.00;12.00;0.14;0.83;0.72;0.08
BOOKKEEPER;7;0.85;0.43;0.08;Random Forest;Best First;sensitive learning;Smote;1.00;44.00;596.00;52.00;0.02;0.02;0.64;-0.05
BOOKKEEPER;8;0.89;0.48;0.09;Random Forest;Best First;sensitive learning;Smote;47.00;107.00;523.00;19.00;0.31;0.71;0.82;0.34
BOOKKEEPER;9;0.95;0.45;0.09;Random Forest;Best First;sensitive learning;Smote;10.00;16.00;292.00;19.00;0.38;0.34;0.80;0.31
MEAN;;;;;;;;45.78;64.67;335.22;53.56;0.50;0.43;0.78;0.29
;
BOOKKEEPER;1;0.44;0.30;0.22;Naive Bayes;no feature selection;no sensitive;no resample;0.00;0.00;235.00;66.00;0.00;0.00;0.00;0.00
BOOKKEEPER;2;0.55;0.26;0.18;Naive Bayes;no feature selection;no sensitive;no resample;43.00;106.00;256.00;34.00;0.29;0.56;0.69;0.19
BOOKKEEPER;3;0.69;0.22;0.27;Naive Bayes;no feature selection;no sensitive;no resample;0.00;0.00;322.00;118.00;0.00;0.00;0.00;0.00
BOOKKEEPER;4;0.76;0.24;0.46;Naive Bayes;no feature selection;no sensitive;no resample;127.00;5.00;236.00;78.00;0.96;0.62;0.88;0.62
BOOKKEEPER;5;0.81;0.29;0.46;Naive Bayes;no feature selection;no sensitive;no resample;189.00;3.00;241.00;19.00;0.98;0.91;0.97;0.90
BOOKKEEPER;6;0.77;0.32;0.10;Naive Bayes;no feature selection;no sensitive;no resample;60.00;354.00;263.00;12.00;0.14;0.83;0.65;0.08
BOOKKEEPER;7;0.81;0.27;0.08;Naive Bayes;no feature selection;no sensitive;no resample;1.00;0.00;640.00;52.00;1.00;0.02;0.89;0.03
BOOKKEEPER;8;0.84;0.24;0.09;Naive Bayes;no feature selection;no sensitive;no resample;4.00;4.00;626.00;62.00;0.50;0.06;0.85;0.09
BOOKKEEPER;9;0.93;0.21;0.09;Naive Bayes;no feature selection;no sensitive;no resample;7.00;13.00;295.00;22.00;0.35;0.24;0.85;0.23
MEAN;;;;;;;;47.89;53.89;346.00;51.44;0.47;0.36;0.64;0.24
;
BOOKKEEPER;1;0.44;0.30;0.22;Naive Bayes;no feature selection;threshold;no resample;0.00;0.00;235.00;66.00;0.00;0.00;0.00;0.00
BOOKKEEPER;2;0.55;0.26;0.18;Naive Bayes;no feature selection;threshold;no resample;43.00;106.00;256.00;34.00;0.29;0.56;0.63;0.19
BOOKKEEPER;3;0.69;0.22;0.27;Naive Bayes;no feature selection;threshold;no resample;0.00;0.00;322.00;118.00;0.00;0.00;0.00;0.00
BOOKKEEPER;4;0.76;0.24;0.46;Naive Bayes;no feature selection;threshold;no resample;127.00;5.00;236.00;78.00;0.96;0.62;0.80;0.62
BOOKKEEPER;5;0.81;0.29;0.46;Naive Bayes;no feature selection;threshold;no resample;189.00;3.00;241.00;19.00;0.98;0.91;0.95;0.90
BOOKKEEPER;6;0.77;0.32;0.10;Naive Bayes;no feature selection;threshold;no resample;60.00;354.00;263.00;12.00;0.14;0.83;0.63;0.08
BOOKKEEPER;7;0.81;0.27;0.08;Naive Bayes;no feature selection;threshold;no resample;1.00;0.00;640.00;52.00;1.00;0.02;0.51;0.03
BOOKKEEPER;8;0.84;0.24;0.09;Naive Bayes;no feature selection;threshold;no resample;4.00;4.00;626.00;62.00;0.50;0.06;0.53;0.09
BOOKKEEPER;9;0.93;0.21;0.09;Naive Bayes;no feature selection;threshold;no resample;7.00;13.00;295.00;22.00;0.35;0.24;0.60;0.23
MEAN;;;;;;;;47.89;53.89;346.00;51.44;0.47;0.36;0.52;0.24
;
BOOKKEEPER;1;0.44;0.30;0.22;Naive Bayes;no feature selection;sensitive learning;no resample;0.00;0.00;235.00;66.00;0.00;0.00;0.00;0.00
BOOKKEEPER;2;0.55;0.26;0.18;Naive Bayes;no feature selection;sensitive learning;no resample;43.00;106.00;256.00;34.00;0.29;0.56;0.69;0.19
BOOKKEEPER;3;0.69;0.22;0.27;Naive Bayes;no feature selection;sensitive learning;no resample;0.00;0.00;322.00;118.00;0.00;0.00;0.00;0.00
BOOKKEEPER;4;0.76;0.24;0.46;Naive Bayes;no feature selection;sensitive learning;no resample;127.00;5.00;236.00;78.00;0.96;0.62;0.88;0.62
BOOKKEEPER;5;0.81;0.29;0.46;Naive Bayes;no feature selection;sensitive learning;no resample;189.00;3.00;241.00;19.00;0.98;0.91;0.97;0.90
BOOKKEEPER;6;0.77;0.32;0.10;Naive Bayes;no feature selection;sensitive learning;no resample;60.00;354.00;263.00;12.00;0.14;0.83;0.65;0.08
BOOKKEEPER;7;0.81;0.27;0.08;Naive Bayes;no feature selection;sensitive learning;no resample;1.00;0.00;640.00;52.00;1.00;0.02;0.89;0.03
BOOKKEEPER;8;0.84;0.24;0.09;Naive Bayes;no feature selection;sensitive learning;no resample;4.00;4.00;626.00;62.00;0.50;0.06;0.85;0.09
BOOKKEEPER;9;0.93;0.21;0.09;Naive Bayes;no feature selection;sensitive learning;no resample;7.00;13.00;295.00;22.00;0.35;0.24;0.85;0.23
MEAN;;;;;;;;47.89;53.89;346.00;51.44;0.47;0.36;0.64;0.24
;
BOOKKEEPER;1;0.53;0.50;0.22;Naive Bayes;no feature selection;no sensitive;Oversampling;0.00;0.00;235.00;66.00;0.00;0.00;0.00;0.00
BOOKKEEPER;2;0.65;0.50;0.18;Naive Bayes;no feature selection;no sensitive;Oversampling;45.00;112.00;250.00;32.00;0.29;0.58;0.69;0.20
BOOKKEEPER;3;0.78;0.50;0.27;Naive Bayes;no feature selection;no sensitive;Oversampling;0.00;0.00;322.00;118.00;0.00;0.00;0.00;0.00
BOOKKEEPER;4;0.83;0.50;0.46;Naive Bayes;no feature selection;no sensitive;Oversampling;127.00;5.00;236.00;78.00;0.96;0.62;0.89;0.62
BOOKKEEPER;5;0.85;0.50;0.46;Naive Bayes;no feature selection;no sensitive;Oversampling;189.00;3.00;241.00;19.00;0.98;0.91;0.97;0.90
BOOKKEEPER;6;0.82;0.50;0.10;Naive Bayes;no feature selection;no sensitive;Oversampling;60.00;359.00;258.00;12.00;0.14;0.83;0.65;0.08
BOOKKEEPER;7;0.86;0.50;0.08;Naive Bayes;no feature selection;no sensitive;Oversampling;3.00;0.00;640.00;50.00;1.00;0.06;0.88;0.10
BOOKKEEPER;8;0.89;0.50;0.09;Naive Bayes;no feature selection;no sensitive;Oversampling;7.00;4.00;626.00;59.00;0.64;0.11;0.85;0.16
BOOKKEEPER;9;0.95;0.50;0.09;Naive Bayes;no feature selection;no sensitive;Oversampling;9.00;16.00;292.00;20.00;0.36;0.31;0.85;0.28
MEAN;;;;;;;;48.89;55.44;344.44;50.44;0.49;0.38;0.64;0.26
;
BOOKKEEPER;1;0.53;0.50;0.22;Naive Bayes;no feature selection;threshold;Oversampling;0.00;0.00;235.00;66.00;0.00;0.00;0.00;0.00
BOOKKEEPER;2;0.65;0.50;0.18;Naive Bayes;no feature selection;threshold;Oversampling;45.00;112.00;250.00;32.00;0.29;0.58;0.64;0.20
BOOKKEEPER;3;0.78;0.50;0.27;Naive Bayes;no feature selection;threshold;Oversampling;0.00;0.00;322.00;118.00;0.00;0.00;0.00;0.00
BOOKKEEPER;4;0.83;0.50;0.46;Naive Bayes;no feature selection;threshold;Oversampling;127.00;5.00;236.00;78.00;0.96;0.62;0.80;0.62
BOOKKEEPER;5;0.85;0.50;0.46;Naive Bayes;no feature selection;threshold;Oversampling;189.00;3.00;241.00;19.00;0.98;0.91;0.95;0.90
BOOKKEEPER;6;0.82;0.50;0.10;Naive Bayes;no feature selection;threshold;Oversampling;60.00;359.00;258.00;12.00;0.14;0.83;0.63;0.08
BOOKKEEPER;7;0.86;0.50;0.08;Naive Bayes;no feature selection;threshold;Oversampling;3.00;0.00;640.00;50.00;1.00;0.06;0.53;0.10
BOOKKEEPER;8;0.89;0.50;0.09;Naive Bayes;no feature selection;threshold;Oversampling;7.00;4.00;626.00;59.00;0.64;0.11;0.55;0.16
BOOKKEEPER;9;0.95;0.50;0.09;Naive Bayes;no feature selection;threshold;Oversampling;9.00;16.00;292.00;20.00;0.36;0.31;0.63;0.28
MEAN;;;;;;;;48.89;55.44;344.44;50.44;0.49;0.38;0.52;0.26
;
BOOKKEEPER;1;0.53;0.50;0.22;Naive Bayes;no feature selection;sensitive learning;Oversampling;0.00;0.00;235.00;66.00;0.00;0.00;0.00;0.00
BOOKKEEPER;2;0.65;0.50;0.18;Naive Bayes;no feature selection;sensitive learning;Oversampling;45.00;112.00;250.00;32.00;0.29;0.58;0.69;0.20
BOOKKEEPER;3;0.78;0.50;0.27;Naive Bayes;no feature selection;sensitive learning;Oversampling;0.00;0.00;322.00;118.00;0.00;0.00;0.00;0.00
BOOKKEEPER;4;0.83;0.50;0.46;Naive Bayes;no feature selection;sensitive learning;Oversampling;127.00;5.00;236.00;78.00;0.96;0.62;0.89;0.62
BOOKKEEPER;5;0.85;0.50;0.46;Naive Bayes;no feature selection;sensitive learning;Oversampling;189.00;3.00;241.00;19.00;0.98;0.91;0.97;0.90
BOOKKEEPER;6;0.82;0.50;0.10;Naive Bayes;no feature selection;sensitive learning;Oversampling;60.00;359.00;258.00;12.00;0.14;0.83;0.65;0.08
BOOKKEEPER;7;0.86;0.50;0.08;Naive Bayes;no feature selection;sensitive learning;Oversampling;3.00;0.00;640.00;50.00;1.00;0.06;0.88;0.10
BOOKKEEPER;8;0.89;0.50;0.09;Naive Bayes;no feature selection;sensitive learning;Oversampling;7.00;4.00;626.00;59.00;0.64;0.11;0.85;0.16
BOOKKEEPER;9;0.95;0.50;0.09;Naive Bayes;no feature selection;sensitive learning;Oversampling;9.00;16.00;292.00;20.00;0.36;0.31;0.85;0.28
MEAN;;;;;;;;48.89;55.44;344.44;50.44;0.49;0.38;0.64;0.26
;
BOOKKEEPER;1;0.33;0.50;0.22;Naive Bayes;no feature selection;no sensitive;Undersampling;0.00;0.00;235.00;66.00;0.00;0.00;0.00;0.00
BOOKKEEPER;2;0.39;0.50;0.18;Naive Bayes;no feature selection;no sensitive;Undersampling;48.00;97.00;265.00;29.00;0.33;0.62;0.72;0.26
BOOKKEEPER;3;0.50;0.50;0.27;Naive Bayes;no feature selection;no sensitive;Undersampling;1.00;1.00;321.00;117.00;0.50;0.01;0.46;0.01
BOOKKEEPER;4;0.60;0.50;0.46;Naive Bayes;no feature selection;no sensitive;Undersampling;127.00;5.00;236.00;78.00;0.96;0.62;0.88;0.62
BOOKKEEPER;5;0.70;0.50;0.46;Naive Bayes;no feature selection;no sensitive;Undersampling;189.00;3.00;241.00;19.00;0.98;0.91;0.97;0.90
BOOKKEEPER;6;0.68;0.50;0.10;Naive Bayes;no feature selection;no sensitive;Undersampling;60.00;368.00;249.00;12.00;0.14;0.83;0.65;0.07
BOOKKEEPER;7;0.70;0.50;0.08;Naive Bayes;no feature selection;no sensitive;Undersampling;3.00;0.00;640.00;50.00;1.00;0.06;0.88;0.10
BOOKKEEPER;8;0.71;0.50;0.09;Naive Bayes;no feature selection;no sensitive;Undersampling;9.00;4.00;626.00;57.00;0.69;0.14;0.85;0.20
BOOKKEEPER;9;0.85;0.50;0.09;Naive Bayes;no feature selection;no sensitive;Undersampling;11.00;14.00;294.00;18.00;0.44;0.38;0.85;0.36
MEAN;;;;;;;;49.78;54.67;345.22;49.56;0.56;0.40;0.70;0.28
;
BOOKKEEPER;1;0.33;0.50;0.22;Naive Bayes;no feature selection;threshold;Undersampling;0.00;0.00;235.00;66.00;0.00;0.00;0.00;0.00
BOOKKEEPER;2;0.39;0.50;0.18;Naive Bayes;no feature selection;threshold;Undersampling;48.00;97.00;265.00;29.00;0.33;0.62;0.68;0.26
BOOKKEEPER;3;0.50;0.50;0.27;Naive Bayes;no feature selection;threshold;Undersampling;1.00;1.00;321.00;117.00;0.50;0.01;0.50;0.01
BOOKKEEPER;4;0.60;0.50;0.46;Naive Bayes;no feature selection;threshold;Undersampling;127.00;5.00;236.00;78.00;0.96;0.62;0.80;0.62
BOOKKEEPER;5;0.70;0.50;0.46;Naive Bayes;no feature selection;threshold;Undersampling;189.00;3.00;241.00;19.00;0.98;0.91;0.95;0.90
BOOKKEEPER;6;0.68;0.50;0.10;Naive Bayes;no feature selection;threshold;Undersampling;60.00;368.00;249.00;12.00;0.14;0.83;0.62;0.07
BOOKKEEPER;7;0.70;0.50;0.08;Naive Bayes;no feature selection;threshold;Undersampling;3.00;0.00;640.00;50.00;1.00;0.06;0.53;0.10
BOOKKEEPER;8;0.71;0.50;0.09;Naive Bayes;no feature selection;threshold;Undersampling;9.00;4.00;626.00;57.00;0.69;0.14;0.57;0.20
BOOKKEEPER;9;0.85;0.50;0.09;Naive Bayes;no feature selection;threshold;Undersampling;11.00;14.00;294.00;18.00;0.44;0.38;0.67;0.36
MEAN;;;;;;;;49.78;54.67;345.22;49.56;0.56;0.40;0.59;0.28
;
BOOKKEEPER;1;0.33;0.50;0.22;Naive Bayes;no feature selection;sensitive learning;Undersampling;0.00;0.00;235.00;66.00;0.00;0.00;0.00;0.00
BOOKKEEPER;2;0.39;0.50;0.18;Naive Bayes;no feature selection;sensitive learning;Undersampling;48.00;97.00;265.00;29.00;0.33;0.62;0.72;0.26
BOOKKEEPER;3;0.50;0.50;0.27;Naive Bayes;no feature selection;sensitive learning;Undersampling;1.00;1.00;321.00;117.00;0.50;0.01;0.46;0.01
BOOKKEEPER;4;0.60;0.50;0.46;Naive Bayes;no feature selection;sensitive learning;Undersampling;127.00;5.00;236.00;78.00;0.96;0.62;0.88;0.62
BOOKKEEPER;5;0.70;0.50;0.46;Naive Bayes;no feature selection;sensitive learning;Undersampling;189.00;3.00;241.00;19.00;0.98;0.91;0.97;0.90
BOOKKEEPER;6;0.68;0.50;0.10;Naive Bayes;no feature selection;sensitive learning;Undersampling;60.00;368.00;249.00;12.00;0.14;0.83;0.65;0.07
BOOKKEEPER;7;0.70;0.50;0.08;Naive Bayes;no feature selection;sensitive learning;Undersampling;3.00;0.00;640.00;50.00;1.00;0.06;0.88;0.10
BOOKKEEPER;8;0.71;0.50;0.09;Naive Bayes;no feature selection;sensitive learning;Undersampling;9.00;4.00;626.00;57.00;0.69;0.14;0.85;0.20
BOOKKEEPER;9;0.85;0.50;0.09;Naive Bayes;no feature selection;sensitive learning;Undersampling;11.00;14.00;294.00;18.00;0.44;0.38;0.85;0.36
MEAN;;;;;;;;49.78;54.67;345.22;49.56;0.56;0.40;0.70;0.28
;
BOOKKEEPER;1;0.51;0.47;0.22;Naive Bayes;no feature selection;no sensitive;Smote;0.00;0.00;235.00;66.00;0.00;0.00;0.00;0.00
BOOKKEEPER;2;0.61;0.41;0.18;Naive Bayes;no feature selection;no sensitive;Smote;44.00;96.00;266.00;33.00;0.31;0.57;0.70;0.23
BOOKKEEPER;3;0.76;0.46;0.27;Naive Bayes;no feature selection;no sensitive;Smote;34.00;0.00;322.00;84.00;1.00;0.29;0.72;0.37
BOOKKEEPER;4;0.82;0.48;0.46;Naive Bayes;no feature selection;no sensitive;Smote;127.00;5.00;236.00;78.00;0.96;0.62;0.89;0.62
BOOKKEEPER;5;0.84;0.45;0.46;Naive Bayes;no feature selection;no sensitive;Smote;189.00;3.00;241.00;19.00;0.98;0.91;0.97;0.90
BOOKKEEPER;6;0.82;0.49;0.10;Naive Bayes;no feature selection;no sensitive;Smote;60.00;354.00;263.00;12.00;0.14;0.83;0.65;0.08
BOOKKEEPER;7;0.85;0.43;0.08;Naive Bayes;no feature selection;no sensitive;Smote;3.00;0.00;640.00;50.00;1.00;0.06;0.89;0.10
BOOKKEEPER;8;0.89;0.48;0.09;Naive Bayes;no feature selection;no sensitive;Smote;14.00;6.00;624.00;52.00;0.70;0.21;0.86;0.29
BOOKKEEPER;9;0.95;0.45;0.09;Naive Bayes;no feature selection;no sensitive;Smote;11.00;18.00;290.00;18.00;0.38;0.38;0.85;0.32
MEAN;;;;;;;;53.56;53.56;346.33;45.78;0.61;0.43;0.72;0.32
;
BOOKKEEPER;1;0.51;0.47;0.22;Naive Bayes;no feature selection;threshold;Smote;0.00;0.00;235.00;66.00;0.00;0.00;0.00;0.00
BOOKKEEPER;2;0.61;0.41;0.18;Naive Bayes;no feature selection;threshold;Smote;44.00;96.00;266.00;33.00;0.31;0.57;0.65;0.23
BOOKKEEPER;3;0.76;0.46;0.27;Naive Bayes;no feature selection;threshold;Smote;34.00;0.00;322.00;84.00;1.00;0.29;0.64;0.37
BOOKKEEPER;4;0.82;0.48;0.46;Naive Bayes;no feature selection;threshold;Smote;127.00;5.00;236.00;78.00;0.96;0.62;0.80;0.62
BOOKKEEPER;5;0.84;0.45;0.46;Naive Bayes;no feature selection;threshold;Smote;189.00;3.00;241.00;19.00;0.98;0.91;0.95;0.90
BOOKKEEPER;6;0.82;0.49;0.10;Naive Bayes;no feature selection;threshold;Smote;60.00;354.00;263.00;12.00;0.14;0.83;0.63;0.08
BOOKKEEPER;7;0.85;0.43;0.08;Naive Bayes;no feature selection;threshold;Smote;3.00;0.00;640.00;50.00;1.00;0.06;0.53;0.10
BOOKKEEPER;8;0.89;0.48;0.09;Naive Bayes;no feature selection;threshold;Smote;14.00;6.00;624.00;52.00;0.70;0.21;0.60;0.29
BOOKKEEPER;9;0.95;0.45;0.09;Naive Bayes;no feature selection;threshold;Smote;11.00;18.00;290.00;18.00;0.38;0.38;0.66;0.32
MEAN;;;;;;;;53.56;53.56;346.33;45.78;0.61;0.43;0.61;0.32
;
BOOKKEEPER;1;0.51;0.47;0.22;Naive Bayes;no feature selection;sensitive learning;Smote;0.00;0.00;235.00;66.00;0.00;0.00;0.00;0.00
BOOKKEEPER;2;0.61;0.41;0.18;Naive Bayes;no feature selection;sensitive learning;Smote;44.00;96.00;266.00;33.00;0.31;0.57;0.70;0.23
BOOKKEEPER;3;0.76;0.46;0.27;Naive Bayes;no feature selection;sensitive learning;Smote;34.00;0.00;322.00;84.00;1.00;0.29;0.72;0.37
BOOKKEEPER;4;0.82;0.48;0.46;Naive Bayes;no feature selection;sensitive learning;Smote;127.00;5.00;236.00;78.00;0.96;0.62;0.89;0.62
BOOKKEEPER;5;0.84;0.45;0.46;Naive Bayes;no feature selection;sensitive learning;Smote;189.00;3.00;241.00;19.00;0.98;0.91;0.97;0.90
BOOKKEEPER;6;0.82;0.49;0.10;Naive Bayes;no feature selection;sensitive learning;Smote;60.00;354.00;263.00;12.00;0.14;0.83;0.65;0.08
BOOKKEEPER;7;0.85;0.43;0.08;Naive Bayes;no feature selection;sensitive learning;Smote;3.00;0.00;640.00;50.00;1.00;0.06;0.89;0.10
BOOKKEEPER;8;0.89;0.48;0.09;Naive Bayes;no feature selection;sensitive learning;Smote;14.00;6.00;624.00;52.00;0.70;0.21;0.86;0.29
BOOKKEEPER;9;0.95;0.45;0.09;Naive Bayes;no feature selection;sensitive learning;Smote;11.00;18.00;290.00;18.00;0.38;0.38;0.85;0.32
MEAN;;;;;;;;53.56;53.56;346.33;45.78;0.61;0.43;0.72;0.32
;
BOOKKEEPER;1;0.44;0.30;0.22;Naive Bayes;Best First;no sensitive;no resample;0.00;0.00;235.00;66.00;0.00;0.00;0.00;0.00
BOOKKEEPER;2;0.55;0.26;0.18;Naive Bayes;Best First;no sensitive;no resample;22.00;22.00;340.00;55.00;0.50;0.29;0.81;0.27
BOOKKEEPER;3;0.69;0.22;0.27;Naive Bayes;Best First;no sensitive;no resample;0.00;0.00;322.00;118.00;0.00;0.00;0.00;0.00
BOOKKEEPER;4;0.76;0.24;0.46;Naive Bayes;Best First;no sensitive;no resample;127.00;5.00;236.00;78.00;0.96;0.62;0.88;0.62
BOOKKEEPER;5;0.81;0.29;0.46;Naive Bayes;Best First;no sensitive;no resample;189.00;3.00;241.00;19.00;0.98;0.91;0.96;0.90
BOOKKEEPER;6;0.77;0.32;0.10;Naive Bayes;Best First;no sensitive;no resample;60.00;354.00;263.00;12.00;0.14;0.83;0.65;0.08
BOOKKEEPER;7;0.81;0.27;0.08;Naive Bayes;Best First;no sensitive;no resample;0.00;0.00;640.00;53.00;0.00;0.00;0.00;0.00
BOOKKEEPER;8;0.84;0.24;0.09;Naive Bayes;Best First;no sensitive;no resample;2.00;1.00;629.00;64.00;0.67;0.03;0.84;0.05
BOOKKEEPER;9;0.93;0.21;0.09;Naive Bayes;Best First;no sensitive;no resample;0.00;5.00;303.00;29.00;0.00;0.00;0.00;0.00
MEAN;;;;;;;;44.44;43.33;356.56;54.89;0.36;0.30;0.46;0.21
;
BOOKKEEPER;1;0.44;0.30;0.22;Naive Bayes;Best First;threshold;no resample;0.00;0.00;235.00;66.00;0.00;0.00;0.00;0.00
BOOKKEEPER;2;0.55;0.26;0.18;Naive Bayes;Best First;threshold;no resample;22.00;22.00;340.00;55.00;0.50;0.29;0.61;0.27
BOOKKEEPER;3;0.69;0.22;0.27;Naive Bayes;Best First;threshold;no resample;0.00;0.00;322.00;118.00;0.00;0.00;0.00;0.00
BOOKKEEPER;4;0.76;0.24;0.46;Naive Bayes;Best First;threshold;no resample;127.00;5.00;236.00;78.00;0.96;0.62;0.80;0.62
BOOKKEEPER;5;0.81;0.29;0.46;Naive Bayes;Best First;threshold;no resample;189.00;3.00;241.00;19.00;0.98;0.91;0.95;0.90
BOOKKEEPER;6;0.77;0.32;0.10;Naive Bayes;Best First;threshold;no resample;60.00;354.00;263.00;12.00;0.14;0.83;0.63;0.08
BOOKKEEPER;7;0.81;0.27;0.08;Naive Bayes;Best First;threshold;no resample;0.00;0.00;640.00;53.00;0.00;0.00;0.00;0.00
BOOKKEEPER;8;0.84;0.24;0.09;Naive Bayes;Best First;threshold;no resample;2.00;1.00;629.00;64.00;0.67;0.03;0.51;0.05
BOOKKEEPER;9;0.93;0.21;0.09;Naive Bayes;Best First;threshold;no resample;0.00;5.00;303.00;29.00;0.00;0.00;0.00;0.00
MEAN;;;;;;;;44.44;43.33;356.56;54.89;0.36;0.30;0.39;0.21
;
BOOKKEEPER;1;0.44;0.30;0.22;Naive Bayes;Best First;sensitive learning;no resample;0.00;0.00;235.00;66.00;0.00;0.00;0.00;0.00
BOOKKEEPER;2;0.55;0.26;0.18;Naive Bayes;Best First;sensitive learning;no resample;22.00;22.00;340.00;55.00;0.50;0.29;0.81;0.27
BOOKKEEPER;3;0.69;0.22;0.27;Naive Bayes;Best First;sensitive learning;no resample;0.00;0.00;322.00;118.00;0.00;0.00;0.00;0.00
BOOKKEEPER;4;0.76;0.24;0.46;Naive Bayes;Best First;sensitive learning;no resample;127.00;5.00;236.00;78.00;0.96;0.62;0.88;0.62
BOOKKEEPER;5;0.81;0.29;0.46;Naive Bayes;Best First;sensitive learning;no resample;189.00;3.00;241.00;19.00;0.98;0.91;0.96;0.90
BOOKKEEPER;6;0.77;0.32;0.10;Naive Bayes;Best First;sensitive learning;no resample;60.00;354.00;263.00;12.00;0.14;0.83;0.65;0.08
BOOKKEEPER;7;0.81;0.27;0.08;Naive Bayes;Best First;sensitive learning;no resample;0.00;0.00;640.00;53.00;0.00;0.00;0.00;0.00
BOOKKEEPER;8;0.84;0.24;0.09;Naive Bayes;Best First;sensitive learning;no resample;2.00;1.00;629.00;64.00;0.67;0.03;0.84;0.05
BOOKKEEPER;9;0.93;0.21;0.09;Naive Bayes;Best First;sensitive learning;no resample;0.00;5.00;303.00;29.00;0.00;0.00;0.00;0.00
MEAN;;;;;;;;44.44;43.33;356.56;54.89;0.36;0.30;0.46;0.21
;
BOOKKEEPER;1;0.53;0.50;0.22;Naive Bayes;Best First;no sensitive;Oversampling;0.00;0.00;235.00;66.00;0.00;0.00;0.00;0.00
BOOKKEEPER;2;0.65;0.50;0.18;Naive Bayes;Best First;no sensitive;Oversampling;0.00;1.00;361.00;77.00;0.00;0.00;0.00;0.00
BOOKKEEPER;3;0.78;0.50;0.27;Naive Bayes;Best First;no sensitive;Oversampling;0.00;0.00;322.00;118.00;0.00;0.00;0.00;0.00
BOOKKEEPER;4;0.83;0.50;0.46;Naive Bayes;Best First;no sensitive;Oversampling;129.00;5.00;236.00;76.00;0.96;0.63;0.89;0.62
BOOKKEEPER;5;0.85;0.50;0.46;Naive Bayes;Best First;no sensitive;Oversampling;189.00;3.00;241.00;19.00;0.98;0.91;0.97;0.90
BOOKKEEPER;6;0.82;0.50;0.10;Naive Bayes;Best First;no sensitive;Oversampling;60.00;354.00;263.00;12.00;0.14;0.83;0.65;0.08
BOOKKEEPER;7;0.86;0.50;0.08;Naive Bayes;Best First;no sensitive;Oversampling;2.00;0.00;640.00;51.00;1.00;0.04;0.90;0.07
BOOKKEEPER;8;0.89;0.50;0.09;Naive Bayes;Best First;no sensitive;Oversampling;6.00;4.00;626.00;60.00;0.60;0.09;0.85;0.14
BOOKKEEPER;9;0.95;0.50;0.09;Naive Bayes;Best First;no sensitive;Oversampling;1.00;5.00;303.00;28.00;0.17;0.03;0.77;0.03
MEAN;;;;;;;;43.00;41.33;358.56;56.33;0.43;0.28;0.56;0.20
;
BOOKKEEPER;1;0.53;0.50;0.22;Naive Bayes;Best First;threshold;Oversampling;0.00;0.00;235.00;66.00;0.00;0.00;0.00;0.00
BOOKKEEPER;2;0.65;0.50;0.18;Naive Bayes;Best First;threshold;Oversampling;0.00;1.00;361.00;77.00;0.00;0.00;0.00;0.00
BOOKKEEPER;3;0.78;0.50;0.27;Naive Bayes;Best First;threshold;Oversampling;0.00;0.00;322.00;118.00;0.00;0.00;0.00;0.00
BOOKKEEPER;4;0.83;0.50;0.46;Naive Bayes;Best First;threshold;Oversampling;129.00;5.00;236.00;76.00;0.96;0.63;0.80;0.62
BOOKKEEPER;5;0.85;0.50;0.46;Naive Bayes;Best First;threshold;Oversampling;189.00;3.00;241.00;19.00;0.98;0.91;0.95;0.90
BOOKKEEPER;6;0.82;0.50;0.10;Naive Bayes;Best First;threshold;Oversampling;60.00;354.00;263.00;12.00;0.14;0.83;0.63;0.08
BOOKKEEPER;7;0.86;0.50;0.08;Naive Bayes;Best First;threshold;Oversampling;2.00;0.00;640.00;51.00;1.00;0.04;0.52;0.07
BOOKKEEPER;8;0.89;0.50;0.09;Naive Bayes;Best First;threshold;Oversampling;6.00;4.00;626.00;60.00;0.60;0.09;0.54;0.14
BOOKKEEPER;9;0.95;0.50;0.09;Naive Bayes;Best First;threshold;Oversampling;1.00;5.00;303.00;28.00;0.17;0.03;0.51;0.03
MEAN;;;;;;;;43.00;41.33;358.56;56.33;0.43;0.28;0.44;0.20
;
BOOKKEEPER;1;0.53;0.50;0.22;Naive Bayes;Best First;sensitive learning;Oversampling;0.00;0.00;235.00;66.00;0.00;0.00;0.00;0.00
BOOKKEEPER;2;0.65;0.50;0.18;Naive Bayes;Best First;sensitive learning;Oversampling;0.00;1.00;361.00;77.00;0.00;0.00;0.00;0.00
BOOKKEEPER;3;0.78;0.50;0.27;Naive Bayes;Best First;sensitive learning;Oversampling;0.00;0.00;322.00;118.00;0.00;0.00;0.00;0.00
BOOKKEEPER;4;0.83;0.50;0.46;Naive Bayes;Best First;sensitive learning;Oversampling;129.00;5.00;236.00;76.00;0.96;0.63;0.89;0.62
BOOKKEEPER;5;0.85;0.50;0.46;Naive Bayes;Best First;sensitive learning;Oversampling;189.00;3.00;241.00;19.00;0.98;0.91;0.97;0.90
BOOKKEEPER;6;0.82;0.50;0.10;Naive Bayes;Best First;sensitive learning;Oversampling;60.00;354.00;263.00;12.00;0.14;0.83;0.65;0.08
BOOKKEEPER;7;0.86;0.50;0.08;Naive Bayes;Best First;sensitive learning;Oversampling;2.00;0.00;640.00;51.00;1.00;0.04;0.90;0.07
BOOKKEEPER;8;0.89;0.50;0.09;Naive Bayes;Best First;sensitive learning;Oversampling;6.00;4.00;626.00;60.00;0.60;0.09;0.85;0.14
BOOKKEEPER;9;0.95;0.50;0.09;Naive Bayes;Best First;sensitive learning;Oversampling;1.00;5.00;303.00;28.00;0.17;0.03;0.77;0.03
MEAN;;;;;;;;43.00;41.33;358.56;56.33;0.43;0.28;0.56;0.20
;
BOOKKEEPER;1;0.33;0.50;0.22;Naive Bayes;Best First;no sensitive;Undersampling;0.00;0.00;235.00;66.00;0.00;0.00;0.00;0.00
BOOKKEEPER;2;0.39;0.50;0.18;Naive Bayes;Best First;no sensitive;Undersampling;37.00;41.00;321.00;40.00;0.47;0.48;0.73;0.37
BOOKKEEPER;3;0.50;0.50;0.27;Naive Bayes;Best First;no sensitive;Undersampling;0.00;1.00;321.00;118.00;0.00;0.00;0.00;0.00
BOOKKEEPER;4;0.60;0.50;0.46;Naive Bayes;Best First;no sensitive;Undersampling;127.00;5.00;236.00;78.00;0.96;0.62;0.88;0.62
BOOKKEEPER;5;0.70;0.50;0.46;Naive Bayes;Best First;no sensitive;Undersampling;189.00;3.00;241.00;19.00;0.98;0.91;0.97;0.90
BOOKKEEPER;6;0.68;0.50;0.10;Naive Bayes;Best First;no sensitive;Undersampling;60.00;354.00;263.00;12.00;0.14;0.83;0.65;0.08
BOOKKEEPER;7;0.70;0.50;0.08;Naive Bayes;Best First;no sensitive;Undersampling;1.00;0.00;640.00;52.00;1.00;0.02;0.89;0.03
BOOKKEEPER;8;0.71;0.50;0.09;Naive Bayes;Best First;no sensitive;Undersampling;8.00;3.00;627.00;58.00;0.73;0.12;0.85;0.19
BOOKKEEPER;9;0.85;0.50;0.09;Naive Bayes;Best First;no sensitive;Undersampling;4.00;10.00;298.00;25.00;0.29;0.14;0.81;0.14
MEAN;;;;;;;;47.33;46.33;353.56;52.00;0.51;0.35;0.64;0.26
;
BOOKKEEPER;1;0.33;0.50;0.22;Naive Bayes;Best First;threshold;Undersampling;0.00;0.00;235.00;66.00;0.00;0.00;0.00;0.00
BOOKKEEPER;2;0.39;0.50;0.18;Naive Bayes;Best First;threshold;Undersampling;37.00;41.00;321.00;40.00;0.47;0.48;0.68;0.37
BOOKKEEPER;3;0.50;0.50;0.27;Naive Bayes;Best First;threshold;Undersampling;0.00;1.00;321.00;118.00;0.00;0.00;0.00;0.00
BOOKKEEPER;4;0.60;0.50;0.46;Naive Bayes;Best First;threshold;Undersampling;127.00;5.00;236.00;78.00;0.96;0.62;0.80;0.62
BOOKKEEPER;5;0.70;0.50;0.46;Naive Bayes;Best First;threshold;Undersampling;189.00;3.00;241.00;19.00;0.98;0.91;0.95;0.90
BOOKKEEPER;6;0.68;0.50;0.10;Naive Bayes;Best First;threshold;Undersampling;60.00;354.00;263.00;12.00;0.14;0.83;0.63;0.08
BOOKKEEPER;7;0.70;0.50;0.08;Naive Bayes;Best First;threshold;Undersampling;1.00;0.00;640.00;52.00;1.00;0.02;0.51;0.03
BOOKKEEPER;8;0.71;0.50;0.09;Naive Bayes;Best First;threshold;Undersampling;8.00;3.00;627.00;58.00;0.73;0.12;0.56;0.19
BOOKKEEPER;9;0.85;0.50;0.09;Naive Bayes;Best First;threshold;Undersampling;4.00;10.00;298.00;25.00;0.29;0.14;0.55;0.14
MEAN;;;;;;;;47.33;46.33;353.56;52.00;0.51;0.35;0.52;0.26
;
BOOKKEEPER;1;0.33;0.50;0.22;Naive Bayes;Best First;sensitive learning;Undersampling;0.00;0.00;235.00;66.00;0.00;0.00;0.00;0.00
BOOKKEEPER;2;0.39;0.50;0.18;Naive Bayes;Best First;sensitive learning;Undersampling;37.00;41.00;321.00;40.00;0.47;0.48;0.73;0.37
BOOKKEEPER;3;0.50;0.50;0.27;Naive Bayes;Best First;sensitive learning;Undersampling;0.00;1.00;321.00;118.00;0.00;0.00;0.00;0.00
BOOKKEEPER;4;0.60;0.50;0.46;Naive Bayes;Best First;sensitive learning;Undersampling;127.00;5.00;236.00;78.00;0.96;0.62;0.88;0.62
BOOKKEEPER;5;0.70;0.50;0.46;Naive Bayes;Best First;sensitive learning;Undersampling;189.00;3.00;241.00;19.00;0.98;0.91;0.97;0.90
BOOKKEEPER;6;0.68;0.50;0.10;Naive Bayes;Best First;sensitive learning;Undersampling;60.00;354.00;263.00;12.00;0.14;0.83;0.65;0.08
BOOKKEEPER;7;0.70;0.50;0.08;Naive Bayes;Best First;sensitive learning;Undersampling;1.00;0.00;640.00;52.00;1.00;0.02;0.89;0.03
BOOKKEEPER;8;0.71;0.50;0.09;Naive Bayes;Best First;sensitive learning;Undersampling;8.00;3.00;627.00;58.00;0.73;0.12;0.85;0.19
BOOKKEEPER;9;0.85;0.50;0.09;Naive Bayes;Best First;sensitive learning;Undersampling;4.00;10.00;298.00;25.00;0.29;0.14;0.81;0.14
MEAN;;;;;;;;47.33;46.33;353.56;52.00;0.51;0.35;0.64;0.26
;
BOOKKEEPER;1;0.51;0.47;0.22;Naive Bayes;Best First;no sensitive;Smote;0.00;0.00;235.00;66.00;0.00;0.00;0.00;0.00
BOOKKEEPER;2;0.61;0.41;0.18;Naive Bayes;Best First;no sensitive;Smote;24.00;33.00;329.00;53.00;0.42;0.31;0.68;0.25
BOOKKEEPER;3;0.76;0.46;0.27;Naive Bayes;Best First;no sensitive;Smote;2.00;0.00;322.00;116.00;1.00;0.02;0.88;0.02
BOOKKEEPER;4;0.82;0.48;0.46;Naive Bayes;Best First;no sensitive;Smote;15.00;0.00;241.00;190.00;1.00;0.07;0.82;0.08
BOOKKEEPER;5;0.84;0.45;0.46;Naive Bayes;Best First;no sensitive;Smote;189.00;3.00;241.00;19.00;0.98;0.91;0.97;0.90
BOOKKEEPER;6;0.82;0.49;0.10;Naive Bayes;Best First;no sensitive;Smote;60.00;354.00;263.00;12.00;0.14;0.83;0.65;0.08
BOOKKEEPER;7;0.85;0.43;0.08;Naive Bayes;Best First;no sensitive;Smote;4.00;0.00;640.00;49.00;1.00;0.08;0.88;0.13
BOOKKEEPER;8;0.89;0.48;0.09;Naive Bayes;Best First;no sensitive;Smote;2.00;3.00;627.00;64.00;0.40;0.03;0.81;0.04
BOOKKEEPER;9;0.95;0.45;0.09;Naive Bayes;Best First;no sensitive;Smote;4.00;13.00;295.00;25.00;0.24;0.14;0.85;0.12
MEAN;;;;;;;;33.33;45.11;354.78;66.00;0.58;0.27;0.73;0.18
;
BOOKKEEPER;1;0.51;0.47;0.22;Naive Bayes;Best First;threshold;Smote;0.00;0.00;235.00;66.00;0.00;0.00;0.00;0.00
BOOKKEEPER;2;0.61;0.41;0.18;Naive Bayes;Best First;threshold;Smote;24.00;33.00;329.00;53.00;0.42;0.31;0.61;0.25
BOOKKEEPER;3;0.76;0.46;0.27;Naive Bayes;Best First;threshold;Smote;2.00;0.00;322.00;116.00;1.00;0.02;0.51;0.02
BOOKKEEPER;4;0.82;0.48;0.46;Naive Bayes;Best First;threshold;Smote;15.00;0.00;241.00;190.00;1.00;0.07;0.54;0.08
BOOKKEEPER;5;0.84;0.45;0.46;Naive Bayes;Best First;threshold;Smote;189.00;3.00;241.00;19.00;0.98;0.91;0.95;0.90
BOOKKEEPER;6;0.82;0.49;0.10;Naive Bayes;Best First;threshold;Smote;60.00;354.00;263.00;12.00;0.14;0.83;0.63;0.08
BOOKKEEPER;7;0.85;0.43;0.08;Naive Bayes;Best First;threshold;Smote;4.00;0.00;640.00;49.00;1.00;0.08;0.54;0.13
BOOKKEEPER;8;0.89;0.48;0.09;Naive Bayes;Best First;threshold;Smote;2.00;3.00;627.00;64.00;0.40;0.03;0.51;0.04
BOOKKEEPER;9;0.95;0.45;0.09;Naive Bayes;Best First;threshold;Smote;4.00;13.00;295.00;25.00;0.24;0.14;0.55;0.12
MEAN;;;;;;;;33.33;45.11;354.78;66.00;0.58;0.27;0.54;0.18
;
BOOKKEEPER;1;0.51;0.47;0.22;Naive Bayes;Best First;sensitive learning;Smote;0.00;0.00;235.00;66.00;0.00;0.00;0.00;0.00
BOOKKEEPER;2;0.61;0.41;0.18;Naive Bayes;Best First;sensitive learning;Smote;24.00;33.00;329.00;53.00;0.42;0.31;0.68;0.25
BOOKKEEPER;3;0.76;0.46;0.27;Naive Bayes;Best First;sensitive learning;Smote;2.00;0.00;322.00;116.00;1.00;0.02;0.88;0.02
BOOKKEEPER;4;0.82;0.48;0.46;Naive Bayes;Best First;sensitive learning;Smote;15.00;0.00;241.00;190.00;1.00;0.07;0.82;0.08
BOOKKEEPER;5;0.84;0.45;0.46;Naive Bayes;Best First;sensitive learning;Smote;189.00;3.00;241.00;19.00;0.98;0.91;0.97;0.90
BOOKKEEPER;6;0.82;0.49;0.10;Naive Bayes;Best First;sensitive learning;Smote;60.00;354.00;263.00;12.00;0.14;0.83;0.65;0.08
BOOKKEEPER;7;0.85;0.43;0.08;Naive Bayes;Best First;sensitive learning;Smote;4.00;0.00;640.00;49.00;1.00;0.08;0.88;0.13
BOOKKEEPER;8;0.89;0.48;0.09;Naive Bayes;Best First;sensitive learning;Smote;2.00;3.00;627.00;64.00;0.40;0.03;0.81;0.04
BOOKKEEPER;9;0.95;0.45;0.09;Naive Bayes;Best First;sensitive learning;Smote;4.00;13.00;295.00;25.00;0.24;0.14;0.85;0.12
MEAN;;;;;;;;33.33;45.11;354.78;66.00;0.58;0.27;0.73;0.18
;
BOOKKEEPER;1;0.44;0.30;0.22;IBk;no feature selection;no sensitive;no resample;28.00;29.00;206.00;38.00;0.49;0.42;0.69;0.32
BOOKKEEPER;2;0.55;0.26;0.18;IBk;no feature selection;no sensitive;no resample;38.00;83.00;279.00;39.00;0.31;0.49;0.67;0.22
BOOKKEEPER;3;0.69;0.22;0.27;IBk;no feature selection;no sensitive;no resample;16.00;14.00;308.00;102.00;0.53;0.14;0.66;0.12
BOOKKEEPER;4;0.76;0.24;0.46;IBk;no feature selection;no sensitive;no resample;139.00;31.00;210.00;66.00;0.82;0.68;0.80;0.56
BOOKKEEPER;5;0.81;0.29;0.46;IBk;no feature selection;no sensitive;no resample;200.00;30.00;214.00;8.00;0.87;0.96;0.93;0.83
BOOKKEEPER;6;0.77;0.32;0.10;IBk;no feature selection;no sensitive;no resample;62.00;363.00;254.00;10.00;0.15;0.86;0.64;0.09
BOOKKEEPER;7;0.81;0.27;0.08;IBk;no feature selection;no sensitive;no resample;4.00;44.00;596.00;49.00;0.08;0.08;0.59;0.01
BOOKKEEPER;8;0.84;0.24;0.09;IBk;no feature selection;no sensitive;no resample;54.00;263.00;367.00;12.00;0.17;0.82;0.71;0.15
BOOKKEEPER;9;0.93;0.21;0.09;IBk;no feature selection;no sensitive;no resample;15.00;43.00;265.00;14.00;0.26;0.52;0.70;0.26
MEAN;;;;;;;;61.78;100.00;299.89;37.56;0.41;0.55;0.71;0.28
;
BOOKKEEPER;1;0.44;0.30;0.22;IBk;no feature selection;threshold;no resample;28.00;29.00;206.00;38.00;0.49;0.42;0.65;0.32
BOOKKEEPER;2;0.55;0.26;0.18;IBk;no feature selection;threshold;no resample;38.00;83.00;279.00;39.00;0.31;0.49;0.63;0.22
BOOKKEEPER;3;0.69;0.22;0.27;IBk;no feature selection;threshold;no resample;16.00;14.00;308.00;102.00;0.53;0.14;0.55;0.12
BOOKKEEPER;4;0.76;0.24;0.46;IBk;no feature selection;threshold;no resample;139.00;31.00;210.00;66.00;0.82;0.68;0.77;0.56
BOOKKEEPER;5;0.81;0.29;0.46;IBk;no feature selection;threshold;no resample;200.00;30.00;214.00;8.00;0.87;0.96;0.92;0.83
BOOKKEEPER;6;0.77;0.32;0.10;IBk;no feature selection;threshold;no resample;62.00;363.00;254.00;10.00;0.15;0.86;0.64;0.09
BOOKKEEPER;7;0.81;0.27;0.08;IBk;no feature selection;threshold;no resample;4.00;44.00;596.00;49.00;0.08;0.08;0.50;0.01
BOOKKEEPER;8;0.84;0.24;0.09;IBk;no feature selection;threshold;no resample;54.00;263.00;367.00;12.00;0.17;0.82;0.70;0.15
BOOKKEEPER;9;0.93;0.21;0.09;IBk;no feature selection;threshold;no resample;15.00;43.00;265.00;14.00;0.26;0.52;0.69;0.26
MEAN;;;;;;;;61.78;100.00;299.89;37.56;0.41;0.55;0.67;0.28
;
BOOKKEEPER;1;0.44;0.30;0.22;IBk;no feature selection;sensitive learning;no resample;28.00;29.00;206.00;38.00;0.49;0.42;0.69;0.32
BOOKKEEPER;2;0.55;0.26;0.18;IBk;no feature selection;sensitive learning;no resample;38.00;83.00;279.00;39.00;0.31;0.49;0.67;0.22
BOOKKEEPER;3;0.69;0.22;0.27;IBk;no feature selection;sensitive learning;no resample;16.00;14.00;308.00;102.00;0.53;0.14;0.66;0.12
BOOKKEEPER;4;0.76;0.24;0.46;IBk;no feature selection;sensitive learning;no resample;139.00;31.00;210.00;66.00;0.82;0.68;0.80;0.56
BOOKKEEPER;5;0.81;0.29;0.46;IBk;no feature selection;sensitive learning;no resample;200.00;30.00;214.00;8.00;0.87;0.96;0.93;0.83
BOOKKEEPER;6;0.77;0.32;0.10;IBk;no feature selection;sensitive learning;no resample;62.00;363.00;254.00;10.00;0.15;0.86;0.64;0.09
BOOKKEEPER;7;0.81;0.27;0.08;IBk;no feature selection;sensitive learning;no resample;4.00;44.00;596.00;49.00;0.08;0.08;0.59;0.01
BOOKKEEPER;8;0.84;0.24;0.09;IBk;no feature selection;sensitive learning;no resample;54.00;263.00;367.00;12.00;0.17;0.82;0.71;0.15
BOOKKEEPER;9;0.93;0.21;0.09;IBk;no feature selection;sensitive learning;no resample;15.00;43.00;265.00;14.00;0.26;0.52;0.70;0.26
MEAN;;;;;;;;61.78;100.00;299.89;37.56;0.41;0.55;0.71;0.28
;
BOOKKEEPER;1;0.53;0.50;0.22;IBk;no feature selection;no sensitive;Oversampling;29.00;44.00;191.00;37.00;0.40;0.44;0.64;0.24
BOOKKEEPER;2;0.65;0.50;0.18;IBk;no feature selection;no sensitive;Oversampling;41.00;101.00;261.00;36.00;0.29;0.53;0.67;0.19
BOOKKEEPER;3;0.78;0.50;0.27;IBk;no feature selection;no sensitive;Oversampling;16.00;27.00;295.00;102.00;0.37;0.14;0.60;0.06
BOOKKEEPER;4;0.83;0.50;0.46;IBk;no feature selection;no sensitive;Oversampling;144.00;38.00;203.00;61.00;0.79;0.70;0.82;0.55
BOOKKEEPER;5;0.85;0.50;0.46;IBk;no feature selection;no sensitive;Oversampling;199.00;43.00;201.00;9.00;0.82;0.96;0.87;0.77
BOOKKEEPER;6;0.82;0.50;0.10;IBk;no feature selection;no sensitive;Oversampling;63.00;369.00;248.00;9.00;0.15;0.88;0.62;0.09
BOOKKEEPER;7;0.86;0.50;0.08;IBk;no feature selection;no sensitive;Oversampling;5.00;46.00;594.00;48.00;0.10;0.09;0.55;0.02
BOOKKEEPER;8;0.89;0.50;0.09;IBk;no feature selection;no sensitive;Oversampling;59.00;330.00;300.00;7.00;0.15;0.89;0.61;0.12
BOOKKEEPER;9;0.95;0.50;0.09;IBk;no feature selection;no sensitive;Oversampling;16.00;48.00;260.00;13.00;0.25;0.55;0.65;0.26
MEAN;;;;;;;;63.56;116.22;283.67;35.78;0.37;0.58;0.67;0.26
;
BOOKKEEPER;1;0.53;0.50;0.22;IBk;no feature selection;threshold;Oversampling;29.00;44.00;191.00;37.00;0.40;0.44;0.63;0.24
BOOKKEEPER;2;0.65;0.50;0.18;IBk;no feature selection;threshold;Oversampling;41.00;101.00;261.00;36.00;0.29;0.53;0.63;0.19
BOOKKEEPER;3;0.78;0.50;0.27;IBk;no feature selection;threshold;Oversampling;16.00;27.00;295.00;102.00;0.37;0.14;0.53;0.06
BOOKKEEPER;4;0.83;0.50;0.46;IBk;no feature selection;threshold;Oversampling;144.00;38.00;203.00;61.00;0.79;0.70;0.77;0.55
BOOKKEEPER;5;0.85;0.50;0.46;IBk;no feature selection;threshold;Oversampling;199.00;43.00;201.00;9.00;0.82;0.96;0.89;0.77
BOOKKEEPER;6;0.82;0.50;0.10;IBk;no feature selection;threshold;Oversampling;63.00;369.00;248.00;9.00;0.15;0.88;0.64;0.09
BOOKKEEPER;7;0.86;0.50;0.08;IBk;no feature selection;threshold;Oversampling;5.00;46.00;594.00;48.00;0.10;0.09;0.51;0.02
BOOKKEEPER;8;0.89;0.50;0.09;IBk;no feature selection;threshold;Oversampling;59.00;330.00;300.00;7.00;0.15;0.89;0.69;0.12
BOOKKEEPER;9;0.95;0.50;0.09;IBk;no feature selection;threshold;Oversampling;16.00;48.00;260.00;13.00;0.25;0.55;0.70;0.26
MEAN;;;;;;;;63.56;116.22;283.67;35.78;0.37;0.58;0.66;0.26
;
BOOKKEEPER;1;0.53;0.50;0.22;IBk;no feature selection;sensitive learning;Oversampling;29.00;44.00;191.00;37.00;0.40;0.44;0.64;0.24
BOOKKEEPER;2;0.65;0.50;0.18;IBk;no feature selection;sensitive learning;Oversampling;41.00;101.00;261.00;36.00;0.29;0.53;0.67;0.19
BOOKKEEPER;3;0.78;0.50;0.27;IBk;no feature selection;sensitive learning;Oversampling;16.00;27.00;295.00;102.00;0.37;0.14;0.60;0.06
BOOKKEEPER;4;0.83;0.50;0.46;IBk;no feature selection;sensitive learning;Oversampling;144.00;38.00;203.00;61.00;0.79;0.70;0.82;0.55
BOOKKEEPER;5;0.85;0.50;0.46;IBk;no feature selection;sensitive learning;Oversampling;199.00;43.00;201.00;9.00;0.82;0.96;0.87;0.77
BOOKKEEPER;6;0.82;0.50;0.10;IBk;no feature selection;sensitive learning;Oversampling;63.00;369.00;248.00;9.00;0.15;0.88;0.62;0.09
BOOKKEEPER;7;0.86;0.50;0.08;IBk;no feature selection;sensitive learning;Oversampling;5.00;46.00;594.00;48.00;0.10;0.09;0.55;0.02
BOOKKEEPER;8;0.89;0.50;0.09;IBk;no feature selection;sensitive learning;Oversampling;59.00;330.00;300.00;7.00;0.15;0.89;0.61;0.12
BOOKKEEPER;9;0.95;0.50;0.09;IBk;no feature selection;sensitive learning;Oversampling;16.00;48.00;260.00;13.00;0.25;0.55;0.65;0.26
MEAN;;;;;;;;63.56;116.22;283.67;35.78;0.37;0.58;0.67;0.26
;
BOOKKEEPER;1;0.33;0.50;0.22;IBk;no feature selection;no sensitive;Undersampling;34.00;51.00;184.00;32.00;0.40;0.52;0.65;0.27
BOOKKEEPER;2;0.39;0.50;0.18;IBk;no feature selection;no sensitive;Undersampling;45.00;115.00;247.00;32.00;0.28;0.58;0.66;0.19
BOOKKEEPER;3;0.50;0.50;0.27;IBk;no feature selection;no sensitive;Undersampling;82.00;122.00;200.00;36.00;0.40;0.69;0.67;0.26
BOOKKEEPER;4;0.60;0.50;0.46;IBk;no feature selection;no sensitive;Undersampling;156.00;51.00;190.00;49.00;0.75;0.76;0.78;0.55
BOOKKEEPER;5;0.70;0.50;0.46;IBk;no feature selection;no sensitive;Undersampling;202.00;60.00;184.00;6.00;0.77;0.97;0.87;0.71
BOOKKEEPER;6;0.68;0.50;0.10;IBk;no feature selection;no sensitive;Undersampling;64.00;388.00;229.00;8.00;0.14;0.89;0.63;0.08
BOOKKEEPER;7;0.70;0.50;0.08;IBk;no feature selection;no sensitive;Undersampling;9.00;99.00;541.00;44.00;0.08;0.17;0.54;0.01
BOOKKEEPER;8;0.71;0.50;0.09;IBk;no feature selection;no sensitive;Undersampling;59.00;344.00;286.00;7.00;0.15;0.89;0.68;0.11
BOOKKEEPER;9;0.85;0.50;0.09;IBk;no feature selection;no sensitive;Undersampling;19.00;90.00;218.00;10.00;0.17;0.66;0.68;0.16
MEAN;;;;;;;;74.44;146.67;253.22;24.89;0.35;0.68;0.69;0.26
;
BOOKKEEPER;1;0.33;0.50;0.22;IBk;no feature selection;threshold;Undersampling;34.00;51.00;184.00;32.00;0.40;0.52;0.65;0.27
BOOKKEEPER;2;0.39;0.50;0.18;IBk;no feature selection;threshold;Undersampling;45.00;115.00;247.00;32.00;0.28;0.58;0.63;0.19
BOOKKEEPER;3;0.50;0.50;0.27;IBk;no feature selection;threshold;Undersampling;82.00;122.00;200.00;36.00;0.40;0.69;0.66;0.26
BOOKKEEPER;4;0.60;0.50;0.46;IBk;no feature selection;threshold;Undersampling;156.00;51.00;190.00;49.00;0.75;0.76;0.77;0.55
BOOKKEEPER;5;0.70;0.50;0.46;IBk;no feature selection;threshold;Undersampling;202.00;60.00;184.00;6.00;0.77;0.97;0.86;0.71
BOOKKEEPER;6;0.68;0.50;0.10;IBk;no feature selection;threshold;Undersampling;64.00;388.00;229.00;8.00;0.14;0.89;0.63;0.08
BOOKKEEPER;7;0.70;0.50;0.08;IBk;no feature selection;threshold;Undersampling;9.00;99.00;541.00;44.00;0.08;0.17;0.51;0.01
BOOKKEEPER;8;0.71;0.50;0.09;IBk;no feature selection;threshold;Undersampling;59.00;344.00;286.00;7.00;0.15;0.89;0.67;0.11
BOOKKEEPER;9;0.85;0.50;0.09;IBk;no feature selection;threshold;Undersampling;19.00;90.00;218.00;10.00;0.17;0.66;0.68;0.16
MEAN;;;;;;;;74.44;146.67;253.22;24.89;0.35;0.68;0.67;0.26
;
BOOKKEEPER;1;0.33;0.50;0.22;IBk;no feature selection;sensitive learning;Undersampling;34.00;51.00;184.00;32.00;0.40;0.52;0.65;0.27
BOOKKEEPER;2;0.39;0.50;0.18;IBk;no feature selection;sensitive learning;Undersampling;45.00;115.00;247.00;32.00;0.28;0.58;0.66;0.19
BOOKKEEPER;3;0.50;0.50;0.27;IBk;no feature selection;sensitive learning;Undersampling;82.00;122.00;200.00;36.00;0.40;0.69;0.67;0.26
BOOKKEEPER;4;0.60;0.50;0.46;IBk;no feature selection;sensitive learning;Undersampling;156.00;51.00;190.00;49.00;0.75;0.76;0.78;0.55
BOOKKEEPER;5;0.70;0.50;0.46;IBk;no feature selection;sensitive learning;Undersampling;202.00;60.00;184.00;6.00;0.77;0.97;0.87;0.71
BOOKKEEPER;6;0.68;0.50;0.10;IBk;no feature selection;sensitive learning;Undersampling;64.00;388.00;229.00;8.00;0.14;0.89;0.63;0.08
BOOKKEEPER;7;0.70;0.50;0.08;IBk;no feature selection;sensitive learning;Undersampling;9.00;99.00;541.00;44.00;0.08;0.17;0.54;0.01
BOOKKEEPER;8;0.71;0.50;0.09;IBk;no feature selection;sensitive learning;Undersampling;59.00;344.00;286.00;7.00;0.15;0.89;0.68;0.11
BOOKKEEPER;9;0.85;0.50;0.09;IBk;no feature selection;sensitive learning;Undersampling;19.00;90.00;218.00;10.00;0.17;0.66;0.68;0.16
MEAN;;;;;;;;74.44;146.67;253.22;24.89;0.35;0.68;0.69;0.26
;
BOOKKEEPER;1;0.51;0.47;0.22;IBk;no feature selection;no sensitive;Smote;32.00;35.00;200.00;34.00;0.48;0.48;0.71;0.33
BOOKKEEPER;2;0.61;0.41;0.18;IBk;no feature selection;no sensitive;Smote;39.00;95.00;267.00;38.00;0.29;0.51;0.66;0.19
BOOKKEEPER;3;0.76;0.46;0.27;IBk;no feature selection;no sensitive;Smote;37.00;122.00;200.00;81.00;0.23;0.31;0.53;-0.06
BOOKKEEPER;4;0.82;0.48;0.46;IBk;no feature selection;no sensitive;Smote;150.00;49.00;192.00;55.00;0.75;0.73;0.78;0.53
BOOKKEEPER;5;0.84;0.45;0.46;IBk;no feature selection;no sensitive;Smote;201.00;54.00;190.00;7.00;0.79;0.97;0.88;0.73
BOOKKEEPER;6;0.82;0.49;0.10;IBk;no feature selection;no sensitive;Smote;62.00;383.00;234.00;10.00;0.14;0.86;0.63;0.07
BOOKKEEPER;7;0.85;0.43;0.08;IBk;no feature selection;no sensitive;Smote;6.00;139.00;501.00;47.00;0.04;0.11;0.53;-0.06
BOOKKEEPER;8;0.89;0.48;0.09;IBk;no feature selection;no sensitive;Smote;55.00;306.00;324.00;11.00;0.15;0.83;0.68;0.12
BOOKKEEPER;9;0.95;0.45;0.09;IBk;no feature selection;no sensitive;Smote;17.00;72.00;236.00;12.00;0.19;0.59;0.68;0.18
MEAN;;;;;;;;66.56;139.44;260.44;32.78;0.34;0.60;0.67;0.23
;
BOOKKEEPER;1;0.51;0.47;0.22;IBk;no feature selection;threshold;Smote;32.00;35.00;200.00;34.00;0.48;0.48;0.67;0.33
BOOKKEEPER;2;0.61;0.41;0.18;IBk;no feature selection;threshold;Smote;39.00;95.00;267.00;38.00;0.29;0.51;0.62;0.19
BOOKKEEPER;3;0.76;0.46;0.27;IBk;no feature selection;threshold;Smote;37.00;122.00;200.00;81.00;0.23;0.31;0.47;-0.06
BOOKKEEPER;4;0.82;0.48;0.46;IBk;no feature selection;threshold;Smote;150.00;49.00;192.00;55.00;0.75;0.73;0.76;0.53
BOOKKEEPER;5;0.84;0.45;0.46;IBk;no feature selection;threshold;Smote;201.00;54.00;190.00;7.00;0.79;0.97;0.87;0.73
BOOKKEEPER;6;0.82;0.49;0.10;IBk;no feature selection;threshold;Smote;62.00;383.00;234.00;10.00;0.14;0.86;0.62;0.07
BOOKKEEPER;7;0.85;0.43;0.08;IBk;no feature selection;threshold;Smote;6.00;139.00;501.00;47.00;0.04;0.11;0.45;-0.06
BOOKKEEPER;8;0.89;0.48;0.09;IBk;no feature selection;threshold;Smote;55.00;306.00;324.00;11.00;0.15;0.83;0.67;0.12
BOOKKEEPER;9;0.95;0.45;0.09;IBk;no feature selection;threshold;Smote;17.00;72.00;236.00;12.00;0.19;0.59;0.68;0.18
MEAN;;;;;;;;66.56;139.44;260.44;32.78;0.34;0.60;0.65;0.23
;
BOOKKEEPER;1;0.51;0.47;0.22;IBk;no feature selection;sensitive learning;Smote;32.00;35.00;200.00;34.00;0.48;0.48;0.71;0.33
BOOKKEEPER;2;0.61;0.41;0.18;IBk;no feature selection;sensitive learning;Smote;39.00;95.00;267.00;38.00;0.29;0.51;0.66;0.19
BOOKKEEPER;3;0.76;0.46;0.27;IBk;no feature selection;sensitive learning;Smote;37.00;122.00;200.00;81.00;0.23;0.31;0.53;-0.06
BOOKKEEPER;4;0.82;0.48;0.46;IBk;no feature selection;sensitive learning;Smote;150.00;49.00;192.00;55.00;0.75;0.73;0.78;0.53
BOOKKEEPER;5;0.84;0.45;0.46;IBk;no feature selection;sensitive learning;Smote;201.00;54.00;190.00;7.00;0.79;0.97;0.88;0.73
BOOKKEEPER;6;0.82;0.49;0.10;IBk;no feature selection;sensitive learning;Smote;62.00;383.00;234.00;10.00;0.14;0.86;0.63;0.07
BOOKKEEPER;7;0.85;0.43;0.08;IBk;no feature selection;sensitive learning;Smote;6.00;139.00;501.00;47.00;0.04;0.11;0.53;-0.06
BOOKKEEPER;8;0.89;0.48;0.09;IBk;no feature selection;sensitive learning;Smote;55.00;306.00;324.00;11.00;0.15;0.83;0.68;0.12
BOOKKEEPER;9;0.95;0.45;0.09;IBk;no feature selection;sensitive learning;Smote;17.00;72.00;236.00;12.00;0.19;0.59;0.68;0.18
MEAN;;;;;;;;66.56;139.44;260.44;32.78;0.34;0.60;0.67;0.23
;
BOOKKEEPER;1;0.44;0.30;0.22;IBk;Best First;no sensitive;no resample;28.00;30.00;205.00;38.00;0.48;0.42;0.68;0.31
BOOKKEEPER;2;0.55;0.26;0.18;IBk;Best First;no sensitive;no resample;40.00;80.00;282.00;37.00;0.33;0.52;0.66;0.24
BOOKKEEPER;3;0.69;0.22;0.27;IBk;Best First;no sensitive;no resample;58.00;36.00;286.00;60.00;0.62;0.49;0.72;0.41
BOOKKEEPER;4;0.76;0.24;0.46;IBk;Best First;no sensitive;no resample;125.00;5.00;236.00;80.00;0.96;0.61;0.82;0.61
BOOKKEEPER;5;0.81;0.29;0.46;IBk;Best First;no sensitive;no resample;185.00;9.00;235.00;23.00;0.95;0.89;0.95;0.86
BOOKKEEPER;6;0.77;0.32;0.10;IBk;Best First;no sensitive;no resample;61.00;358.00;259.00;11.00;0.15;0.85;0.63;0.09
BOOKKEEPER;7;0.81;0.27;0.08;IBk;Best First;no sensitive;no resample;11.00;87.00;553.00;42.00;0.11;0.21;0.51;0.05
BOOKKEEPER;8;0.84;0.24;0.09;IBk;Best First;no sensitive;no resample;51.00;114.00;516.00;15.00;0.31;0.77;0.82;0.35
BOOKKEEPER;9;0.93;0.21;0.09;IBk;Best First;no sensitive;no resample;12.00;27.00;281.00;17.00;0.31;0.41;0.66;0.28
MEAN;;;;;;;;63.44;82.89;317.00;35.89;0.47;0.58;0.72;0.36
;
BOOKKEEPER;1;0.44;0.30;0.22;IBk;Best First;threshold;no resample;28.00;30.00;205.00;38.00;0.48;0.42;0.65;0.31
BOOKKEEPER;2;0.55;0.26;0.18;IBk;Best First;threshold;no resample;40.00;80.00;282.00;37.00;0.33;0.52;0.65;0.24
BOOKKEEPER;3;0.69;0.22;0.27;IBk;Best First;threshold;no resample;58.00;36.00;286.00;60.00;0.62;0.49;0.69;0.41
BOOKKEEPER;4;0.76;0.24;0.46;IBk;Best First;threshold;no resample;125.00;5.00;236.00;80.00;0.96;0.61;0.79;0.61
BOOKKEEPER;5;0.81;0.29;0.46;IBk;Best First;threshold;no resample;185.00;9.00;235.00;23.00;0.95;0.89;0.93;0.86
BOOKKEEPER;6;0.77;0.32;0.10;IBk;Best First;threshold;no resample;61.00;358.00;259.00;11.00;0.15;0.85;0.63;0.09
BOOKKEEPER;7;0.81;0.27;0.08;IBk;Best First;threshold;no resample;11.00;87.00;553.00;42.00;0.11;0.21;0.54;0.05
BOOKKEEPER;8;0.84;0.24;0.09;IBk;Best First;threshold;no resample;51.00;114.00;516.00;15.00;0.31;0.77;0.80;0.35
BOOKKEEPER;9;0.93;0.21;0.09;IBk;Best First;threshold;no resample;12.00;27.00;281.00;17.00;0.31;0.41;0.66;0.28
MEAN;;;;;;;;63.44;82.89;317.00;35.89;0.47;0.58;0.70;0.36
;
BOOKKEEPER;1;0.44;0.30;0.22;IBk;Best First;sensitive learning;no resample;28.00;30.00;205.00;38.00;0.48;0.42;0.68;0.31
BOOKKEEPER;2;0.55;0.26;0.18;IBk;Best First;sensitive learning;no resample;40.00;80.00;282.00;37.00;0.33;0.52;0.66;0.24
BOOKKEEPER;3;0.69;0.22;0.27;IBk;Best First;sensitive learning;no resample;58.00;36.00;286.00;60.00;0.62;0.49;0.72;0.41
BOOKKEEPER;4;0.76;0.24;0.46;IBk;Best First;sensitive learning;no resample;125.00;5.00;236.00;80.00;0.96;0.61;0.82;0.61
BOOKKEEPER;5;0.81;0.29;0.46;IBk;Best First;sensitive learning;no resample;185.00;9.00;235.00;23.00;0.95;0.89;0.95;0.86
BOOKKEEPER;6;0.77;0.32;0.10;IBk;Best First;sensitive learning;no resample;61.00;358.00;259.00;11.00;0.15;0.85;0.63;0.09
BOOKKEEPER;7;0.81;0.27;0.08;IBk;Best First;sensitive learning;no resample;11.00;87.00;553.00;42.00;0.11;0.21;0.51;0.05
BOOKKEEPER;8;0.84;0.24;0.09;IBk;Best First;sensitive learning;no resample;51.00;114.00;516.00;15.00;0.31;0.77;0.82;0.35
BOOKKEEPER;9;0.93;0.21;0.09;IBk;Best First;sensitive learning;no resample;12.00;27.00;281.00;17.00;0.31;0.41;0.66;0.28
MEAN;;;;;;;;63.44;82.89;317.00;35.89;0.47;0.58;0.72;0.36
;
BOOKKEEPER;1;0.53;0.50;0.22;IBk;Best First;no sensitive;Oversampling;29.00;45.00;190.00;37.00;0.39;0.44;0.63;0.24
BOOKKEEPER;2;0.65;0.50;0.18;IBk;Best First;no sensitive;Oversampling;39.00;72.00;290.00;38.00;0.35;0.51;0.69;0.26
BOOKKEEPER;3;0.78;0.50;0.27;IBk;Best First;no sensitive;Oversampling;12.00;38.00;284.00;106.00;0.24;0.10;0.62;-0.02
BOOKKEEPER;4;0.83;0.50;0.46;IBk;Best First;no sensitive;Oversampling;143.00;13.00;228.00;62.00;0.92;0.70;0.83;0.66
BOOKKEEPER;5;0.85;0.50;0.46;IBk;Best First;no sensitive;Oversampling;190.00;11.00;233.00;18.00;0.95;0.91;0.94;0.87
BOOKKEEPER;6;0.82;0.50;0.10;IBk;Best First;no sensitive;Oversampling;61.00;358.00;259.00;11.00;0.15;0.85;0.69;0.09
BOOKKEEPER;7;0.86;0.50;0.08;IBk;Best First;no sensitive;Oversampling;10.00;107.00;533.00;43.00;0.09;0.19;0.50;0.01
BOOKKEEPER;8;0.89;0.50;0.09;IBk;Best First;no sensitive;Oversampling;52.00;126.00;504.00;14.00;0.29;0.79;0.82;0.33
BOOKKEEPER;9;0.95;0.50;0.09;IBk;Best First;no sensitive;Oversampling;18.00;30.00;278.00;11.00;0.38;0.62;0.74;0.40
MEAN;;;;;;;;61.56;88.89;311.00;37.78;0.42;0.57;0.72;0.32
;
BOOKKEEPER;1;0.53;0.50;0.22;IBk;Best First;threshold;Oversampling;29.00;45.00;190.00;37.00;0.39;0.44;0.62;0.24
BOOKKEEPER;2;0.65;0.50;0.18;IBk;Best First;threshold;Oversampling;39.00;72.00;290.00;38.00;0.35;0.51;0.65;0.26
BOOKKEEPER;3;0.78;0.50;0.27;IBk;Best First;threshold;Oversampling;12.00;38.00;284.00;106.00;0.24;0.10;0.49;-0.02
BOOKKEEPER;4;0.83;0.50;0.46;IBk;Best First;threshold;Oversampling;143.00;13.00;228.00;62.00;0.92;0.70;0.82;0.66
BOOKKEEPER;5;0.85;0.50;0.46;IBk;Best First;threshold;Oversampling;190.00;11.00;233.00;18.00;0.95;0.91;0.93;0.87
BOOKKEEPER;6;0.82;0.50;0.10;IBk;Best First;threshold;Oversampling;61.00;358.00;259.00;11.00;0.15;0.85;0.63;0.09
BOOKKEEPER;7;0.86;0.50;0.08;IBk;Best First;threshold;Oversampling;10.00;107.00;533.00;43.00;0.09;0.19;0.51;0.01
BOOKKEEPER;8;0.89;0.50;0.09;IBk;Best First;threshold;Oversampling;52.00;126.00;504.00;14.00;0.29;0.79;0.79;0.33
BOOKKEEPER;9;0.95;0.50;0.09;IBk;Best First;threshold;Oversampling;18.00;30.00;278.00;11.00;0.38;0.62;0.76;0.40
MEAN;;;;;;;;61.56;88.89;311.00;37.78;0.42;0.57;0.69;0.32
;
BOOKKEEPER;1;0.53;0.50;0.22;IBk;Best First;sensitive learning;Oversampling;29.00;45.00;190.00;37.00;0.39;0.44;0.63;0.24
BOOKKEEPER;2;0.65;0.50;0.18;IBk;Best First;sensitive learning;Oversampling;39.00;72.00;290.00;38.00;0.35;0.51;0.69;0.26
BOOKKEEPER;3;0.78;0.50;0.27;IBk;Best First;sensitive learning;Oversampling;12.00;38.00;284.00;106.00;0.24;0.10;0.62;-0.02
BOOKKEEPER;4;0.83;0.50;0.46;IBk;Best First;sensitive learning;Oversampling;143.00;13.00;228.00;62.00;0.92;0.70;0.83;0.66
BOOKKEEPER;5;0.85;0.50;0.46;IBk;Best First;sensitive learning;Oversampling;190.00;11.00;233.00;18.00;0.95;0.91;0.94;0.87
BOOKKEEPER;6;0.82;0.50;0.10;IBk;Best First;sensitive learning;Oversampling;61.00;358.00;259.00;11.00;0.15;0.85;0.69;0.09
BOOKKEEPER;7;0.86;0.50;0.08;IBk;Best First;sensitive learning;Oversampling;10.00;107.00;533.00;43.00;0.09;0.19;0.50;0.01
BOOKKEEPER;8;0.89;0.50;0.09;IBk;Best First;sensitive learning;Oversampling;52.00;126.00;504.00;14.00;0.29;0.79;0.82;0.33
BOOKKEEPER;9;0.95;0.50;0.09;IBk;Best First;sensitive learning;Oversampling;18.00;30.00;278.00;11.00;0.38;0.62;0.74;0.40
MEAN;;;;;;;;61.56;88.89;311.00;37.78;0.42;0.57;0.72;0.32
;
BOOKKEEPER;1;0.33;0.50;0.22;IBk;Best First;no sensitive;Undersampling;38.00;54.00;181.00;28.00;0.41;0.58;0.66;0.30
BOOKKEEPER;2;0.39;0.50;0.18;IBk;Best First;no sensitive;Undersampling;55.00;138.00;224.00;22.00;0.28;0.71;0.66;0.21
BOOKKEEPER;3;0.50;0.50;0.27;IBk;Best First;no sensitive;Undersampling;79.00;54.00;268.00;39.00;0.59;0.67;0.80;0.48
BOOKKEEPER;4;0.60;0.50;0.46;IBk;Best First;no sensitive;Undersampling;156.00;32.00;209.00;49.00;0.83;0.76;0.82;0.63
BOOKKEEPER;5;0.70;0.50;0.46;IBk;Best First;no sensitive;Undersampling;197.00;17.00;227.00;11.00;0.92;0.95;0.95;0.88
BOOKKEEPER;6;0.68;0.50;0.10;IBk;Best First;no sensitive;Undersampling;61.00;360.00;257.00;11.00;0.14;0.85;0.63;0.08
BOOKKEEPER;7;0.70;0.50;0.08;IBk;Best First;no sensitive;Undersampling;16.00;153.00;487.00;37.00;0.09;0.30;0.50;0.03
BOOKKEEPER;8;0.71;0.50;0.09;IBk;Best First;no sensitive;Undersampling;53.00;169.00;461.00;13.00;0.24;0.80;0.77;0.26
BOOKKEEPER;9;0.85;0.50;0.09;IBk;Best First;no sensitive;Undersampling;20.00;66.00;242.00;9.00;0.23;0.69;0.72;0.25
MEAN;;;;;;;;75.00;115.89;284.00;24.33;0.42;0.70;0.72;0.35
;
BOOKKEEPER;1;0.33;0.50;0.22;IBk;Best First;threshold;Undersampling;38.00;54.00;181.00;28.00;0.41;0.58;0.67;0.30
BOOKKEEPER;2;0.39;0.50;0.18;IBk;Best First;threshold;Undersampling;55.00;138.00;224.00;22.00;0.28;0.71;0.67;0.21
BOOKKEEPER;3;0.50;0.50;0.27;IBk;Best First;threshold;Undersampling;79.00;54.00;268.00;39.00;0.59;0.67;0.75;0.48
BOOKKEEPER;4;0.60;0.50;0.46;IBk;Best First;threshold;Undersampling;156.00;32.00;209.00;49.00;0.83;0.76;0.81;0.63
BOOKKEEPER;5;0.70;0.50;0.46;IBk;Best First;threshold;Undersampling;197.00;17.00;227.00;11.00;0.92;0.95;0.94;0.88
BOOKKEEPER;6;0.68;0.50;0.10;IBk;Best First;threshold;Undersampling;61.00;360.00;257.00;11.00;0.14;0.85;0.63;0.08
BOOKKEEPER;7;0.70;0.50;0.08;IBk;Best First;threshold;Undersampling;16.00;153.00;487.00;37.00;0.09;0.30;0.53;0.03
BOOKKEEPER;8;0.71;0.50;0.09;IBk;Best First;threshold;Undersampling;53.00;169.00;461.00;13.00;0.24;0.80;0.77;0.26
BOOKKEEPER;9;0.85;0.50;0.09;IBk;Best First;threshold;Undersampling;20.00;66.00;242.00;9.00;0.23;0.69;0.74;0.25
MEAN;;;;;;;;75.00;115.89;284.00;24.33;0.42;0.70;0.72;0.35
;
BOOKKEEPER;1;0.33;0.50;0.22;IBk;Best First;sensitive learning;Undersampling;38.00;54.00;181.00;28.00;0.41;0.58;0.66;0.30
BOOKKEEPER;2;0.39;0.50;0.18;IBk;Best First;sensitive learning;Undersampling;55.00;138.00;224.00;22.00;0.28;0.71;0.66;0.21
BOOKKEEPER;3;0.50;0.50;0.27;IBk;Best First;sensitive learning;Undersampling;79.00;54.00;268.00;39.00;0.59;0.67;0.80;0.48
BOOKKEEPER;4;0.60;0.50;0.46;IBk;Best First;sensitive learning;Undersampling;156.00;32.00;209.00;49.00;0.83;0.76;0.82;0.63
BOOKKEEPER;5;0.70;0.50;0.46;IBk;Best First;sensitive learning;Undersampling;197.00;17.00;227.00;11.00;0.92;0.95;0.95;0.88
BOOKKEEPER;6;0.68;0.50;0.10;IBk;Best First;sensitive learning;Undersampling;61.00;360.00;257.00;11.00;0.14;0.85;0.63;0.08
BOOKKEEPER;7;0.70;0.50;0.08;IBk;Best First;sensitive learning;Undersampling;16.00;153.00;487.00;37.00;0.09;0.30;0.50;0.03
BOOKKEEPER;8;0.71;0.50;0.09;IBk;Best First;sensitive learning;Undersampling;53.00;169.00;461.00;13.00;0.24;0.80;0.77;0.26
BOOKKEEPER;9;0.85;0.50;0.09;IBk;Best First;sensitive learning;Undersampling;20.00;66.00;242.00;9.00;0.23;0.69;0.72;0.25
MEAN;;;;;;;;75.00;115.89;284.00;24.33;0.42;0.70;0.72;0.35
;
BOOKKEEPER;1;0.51;0.47;0.22;IBk;Best First;no sensitive;Smote;32.00;35.00;200.00;34.00;0.48;0.48;0.69;0.33
BOOKKEEPER;2;0.61;0.41;0.18;IBk;Best First;no sensitive;Smote;47.00;130.00;232.00;30.00;0.27;0.61;0.66;0.17
BOOKKEEPER;3;0.76;0.46;0.27;IBk;Best First;no sensitive;Smote;63.00;62.00;260.00;55.00;0.50;0.53;0.71;0.34
BOOKKEEPER;4;0.82;0.48;0.46;IBk;Best First;no sensitive;Smote;66.00;4.00;237.00;139.00;0.94;0.32;0.70;0.32
BOOKKEEPER;5;0.84;0.45;0.46;IBk;Best First;no sensitive;Smote;185.00;10.00;234.00;23.00;0.95;0.89;0.95;0.85
BOOKKEEPER;6;0.82;0.49;0.10;IBk;Best First;no sensitive;Smote;61.00;357.00;260.00;11.00;0.15;0.85;0.63;0.09
BOOKKEEPER;7;0.85;0.43;0.08;IBk;Best First;no sensitive;Smote;15.00;116.00;524.00;38.00;0.11;0.28;0.52;0.06
BOOKKEEPER;8;0.89;0.48;0.09;IBk;Best First;no sensitive;Smote;54.00;304.00;326.00;12.00;0.15;0.82;0.68;0.11
BOOKKEEPER;9;0.95;0.45;0.09;IBk;Best First;no sensitive;Smote;15.00;83.00;225.00;14.00;0.15;0.52;0.64;0.12
MEAN;;;;;;;;59.78;122.33;277.56;39.56;0.41;0.59;0.69;0.27
;
BOOKKEEPER;1;0.51;0.47;0.22;IBk;Best First;threshold;Smote;32.00;35.00;200.00;34.00;0.48;0.48;0.67;0.33
BOOKKEEPER;2;0.61;0.41;0.18;IBk;Best First;threshold;Smote;47.00;130.00;232.00;30.00;0.27;0.61;0.63;0.17
BOOKKEEPER;3;0.76;0.46;0.27;IBk;Best First;threshold;Smote;63.00;62.00;260.00;55.00;0.50;0.53;0.67;0.34
BOOKKEEPER;4;0.82;0.48;0.46;IBk;Best First;threshold;Smote;66.00;4.00;237.00;139.00;0.94;0.32;0.65;0.32
BOOKKEEPER;5;0.84;0.45;0.46;IBk;Best First;threshold;Smote;185.00;10.00;234.00;23.00;0.95;0.89;0.92;0.85
BOOKKEEPER;6;0.82;0.49;0.10;IBk;Best First;threshold;Smote;61.00;357.00;260.00;11.00;0.15;0.85;0.63;0.09
BOOKKEEPER;7;0.85;0.43;0.08;IBk;Best First;threshold;Smote;15.00;116.00;524.00;38.00;0.11;0.28;0.55;0.06
BOOKKEEPER;8;0.89;0.48;0.09;IBk;Best First;threshold;Smote;54.00;304.00;326.00;12.00;0.15;0.82;0.67;0.11
BOOKKEEPER;9;0.95;0.45;0.09;IBk;Best First;threshold;Smote;15.00;83.00;225.00;14.00;0.15;0.52;0.62;0.12
MEAN;;;;;;;;59.78;122.33;277.56;39.56;0.41;0.59;0.67;0.27
;
BOOKKEEPER;1;0.51;0.47;0.22;IBk;Best First;sensitive learning;Smote;32.00;35.00;200.00;34.00;0.48;0.48;0.69;0.33
BOOKKEEPER;2;0.61;0.41;0.18;IBk;Best First;sensitive learning;Smote;47.00;130.00;232.00;30.00;0.27;0.61;0.66;0.17
BOOKKEEPER;3;0.76;0.46;0.27;IBk;Best First;sensitive learning;Smote;63.00;62.00;260.00;55.00;0.50;0.53;0.71;0.34
BOOKKEEPER;4;0.82;0.48;0.46;IBk;Best First;sensitive learning;Smote;66.00;4.00;237.00;139.00;0.94;0.32;0.70;0.32
BOOKKEEPER;5;0.84;0.45;0.46;IBk;Best First;sensitive learning;Smote;185.00;10.00;234.00;23.00;0.95;0.89;0.95;0.85
BOOKKEEPER;6;0.82;0.49;0.10;IBk;Best First;sensitive learning;Smote;61.00;357.00;260.00;11.00;0.15;0.85;0.63;0.09
BOOKKEEPER;7;0.85;0.43;0.08;IBk;Best First;sensitive learning;Smote;15.00;116.00;524.00;38.00;0.11;0.28;0.52;0.06
BOOKKEEPER;8;0.89;0.48;0.09;IBk;Best First;sensitive learning;Smote;54.00;304.00;326.00;12.00;0.15;0.82;0.68;0.11
BOOKKEEPER;9;0.95;0.45;0.09;IBk;Best First;sensitive learning;Smote;15.00;83.00;225.00;14.00;0.15;0.52;0.64;0.12
MEAN;;;;;;;;59.78;122.33;277.56;39.56;0.41;0.59;0.69;0.27
;
